# ************************************************************
# Sequel Pro SQL dump
# Version 4541
#
# http://www.sequelpro.com/
# https://github.com/sequelpro/sequelpro
#
# Host: 127.0.0.1 (MySQL 5.6.36)
# Database: mall
# Generation Time: 2017-10-30 09:05:35 +0000
# ************************************************************


/*!40101 SET @OLD_CHARACTER_SET_CLIENT=@@CHARACTER_SET_CLIENT */;
/*!40101 SET @OLD_CHARACTER_SET_RESULTS=@@CHARACTER_SET_RESULTS */;
/*!40101 SET @OLD_COLLATION_CONNECTION=@@COLLATION_CONNECTION */;
/*!40101 SET NAMES utf8 */;
/*!40014 SET @OLD_FOREIGN_KEY_CHECKS=@@FOREIGN_KEY_CHECKS, FOREIGN_KEY_CHECKS=0 */;
/*!40101 SET @OLD_SQL_MODE=@@SQL_MODE, SQL_MODE='NO_AUTO_VALUE_ON_ZERO' */;
/*!40111 SET @OLD_SQL_NOTES=@@SQL_NOTES, SQL_NOTES=0 */;


# Dump of table db_fhdb
# ------------------------------------------------------------

DROP TABLE IF EXISTS `db_fhdb`;

CREATE TABLE `db_fhdb` (
  `FHDB_ID` varchar(100) NOT NULL,
  `USERNAME` varchar(50) DEFAULT NULL COMMENT '操作用户',
  `BACKUP_TIME` varchar(32) DEFAULT NULL COMMENT '备份时间',
  `TABLENAME` varchar(50) DEFAULT NULL COMMENT '表名',
  `SQLPATH` varchar(300) DEFAULT NULL COMMENT '存储位置',
  `TYPE` int(1) NOT NULL COMMENT '类型',
  `DBSIZE` varchar(10) DEFAULT NULL COMMENT '文件大小',
  `BZ` varchar(255) DEFAULT NULL COMMENT '备注',
  PRIMARY KEY (`FHDB_ID`)
) ENGINE=InnoDB DEFAULT CHARSET=utf8;



# Dump of table db_timingbackup
# ------------------------------------------------------------

DROP TABLE IF EXISTS `db_timingbackup`;

CREATE TABLE `db_timingbackup` (
  `TIMINGBACKUP_ID` varchar(100) NOT NULL,
  `JOBNAME` varchar(50) DEFAULT NULL COMMENT '任务名称',
  `CREATE_TIME` varchar(32) DEFAULT NULL COMMENT '创建时间',
  `TABLENAME` varchar(50) DEFAULT NULL COMMENT '表名',
  `STATUS` int(1) NOT NULL COMMENT '类型',
  `FHTIME` varchar(30) DEFAULT NULL COMMENT '时间规则',
  `TIMEEXPLAIN` varchar(100) DEFAULT NULL COMMENT '规则说明',
  `BZ` varchar(255) DEFAULT NULL COMMENT '备注',
  PRIMARY KEY (`TIMINGBACKUP_ID`)
) ENGINE=InnoDB DEFAULT CHARSET=utf8;

LOCK TABLES `db_timingbackup` WRITE;
/*!40000 ALTER TABLE `db_timingbackup` DISABLE KEYS */;

INSERT INTO `db_timingbackup` (`TIMINGBACKUP_ID`, `JOBNAME`, `CREATE_TIME`, `TABLENAME`, `STATUS`, `FHTIME`, `TIMEEXPLAIN`, `BZ`)
VALUES
	('311e06c34a5e4518a86d5d30799f9b55','sys_app_user_515762','2016-04-11 17:04:55','sys_app_user',2,'1/2 * * ? * *','每个月的 每周 每天 每小时执行一次','备份任务');

/*!40000 ALTER TABLE `db_timingbackup` ENABLE KEYS */;
UNLOCK TABLES;


# Dump of table phone_captcha
# ------------------------------------------------------------

DROP TABLE IF EXISTS `phone_captcha`;

CREATE TABLE `phone_captcha` (
  `id` int(11) NOT NULL AUTO_INCREMENT,
  `phone` varchar(255) DEFAULT NULL COMMENT '手机号',
  `confirmCode` varchar(255) DEFAULT NULL COMMENT '验证码',
  `createTime` datetime DEFAULT NULL COMMENT '记录创建时间',
  `expireTime` datetime DEFAULT NULL COMMENT '过期时间',
  PRIMARY KEY (`id`)
) ENGINE=InnoDB DEFAULT CHARSET=utf8;

LOCK TABLES `phone_captcha` WRITE;
/*!40000 ALTER TABLE `phone_captcha` DISABLE KEYS */;

INSERT INTO `phone_captcha` (`id`, `phone`, `confirmCode`, `createTime`, `expireTime`)
VALUES
	(1,'18655703979','9455','2017-10-23 14:58:49','2017-10-23 15:08:49'),
	(2,'18655703979','1667','2017-10-23 15:01:24','2017-10-23 15:11:24'),
	(3,'18655703979','9647','2017-10-23 15:04:17','2017-10-23 15:14:17');

/*!40000 ALTER TABLE `phone_captcha` ENABLE KEYS */;
UNLOCK TABLES;


# Dump of table shop_address
# ------------------------------------------------------------

DROP TABLE IF EXISTS `shop_address`;

CREATE TABLE `shop_address` (
  `ADDRESS_ID` varchar(100) NOT NULL,
  `ADDR_REALNAME` varchar(255) DEFAULT NULL COMMENT '联系人',
  `ADDR_PHONE` varchar(255) DEFAULT NULL COMMENT '手机号',
  `ADDR_CITY` varchar(255) DEFAULT NULL COMMENT '省市区',
  `ADDRESS` varchar(255) DEFAULT NULL COMMENT '地址',
  `ADDTIME` varchar(255) DEFAULT NULL COMMENT '时间',
  `IS_DEFAULT` varchar(255) DEFAULT NULL COMMENT '默认',
  `USER_ID` varchar(255) DEFAULT NULL,
  PRIMARY KEY (`ADDRESS_ID`)
) ENGINE=InnoDB DEFAULT CHARSET=utf8;

LOCK TABLES `shop_address` WRITE;
/*!40000 ALTER TABLE `shop_address` DISABLE KEYS */;

INSERT INTO `shop_address` (`ADDRESS_ID`, `ADDR_REALNAME`, `ADDR_PHONE`, `ADDR_CITY`, `ADDRESS`, `ADDTIME`, `IS_DEFAULT`, `USER_ID`)
VALUES
	('00ca222125c2497290b5d4aae603ca16','3333','13584869541','江苏省 南京市 玄武区','10号','2017-06-12 09:58:18','1','08f6e4dd62d843bbaf63eae75903fdc1'),
	('13a4161661244d31b090d72a665acdba','我','13751645427','江苏省 南京市 玄武区','我们','2017-10-18 15:57:39','1','eddae7c64b314f49acae7abce50e20aa'),
	('13b8a58a1df249c68f18aef55a3fff49 ','张三','13800138000','江苏省 南京市 玄武区','玄武湖街道玄武大道299号汇景佳园1栋1101室','2017-05-06 21:36:52','1','16'),
	('1f2fb254a4d9496d9cd90a11aaf2d130','李奇峰','18521529110','江苏省 南京市 玄武区','58741','2017-10-09 23:24:13','1','288b3af8499e4743b229af58519df2ee'),
	('2b2dc6ba3b834e3d9c9d61cae8bd8104','哈哈','17714344343','江苏省 南京市 玄武区','哈哈','2017-10-10 09:09:18','1','40766bea90f24bb6a0bf59e28fa5dcb8'),
	('2ce10342fd994e9a9aad7d97eebab39b','呃呃呃','332','江苏省 南京市 玄武区','lodging','2017-06-07 22:59:42','1','f434ed76968745e8872a009eb95bf7b7'),
	('31ba296fc47548a8805503273846a0bc','uuuuu','15277777','北京市,北京市','uuuu','2017-03-16 18:03:25','0','7'),
	('329764eb99bd42f68df8d4596e5dab31','陈骏','13805278035','江苏省 南京市 鼓楼区','新街口','2017-10-11 01:57:36','1','c429cc51912d411cbb1cf81cc407ea2f'),
	('32a6b795888a4b14a26cca5f61176e07','wangxiaona','13800138000','jiangsunanjing','beijing******','2017-03-16 17:50:45','0','7'),
	('36eac352af9f4255949b9b278715a516','1588','18521529110','江苏省 南京市 玄武区','可邋遢','2017-10-18 14:38:24','1','d8b8c0ffcebc4fb4bfad41413afcf6d3'),
	('3c9e78b0109b48e69b7ff9367b84dca1','zhangsan','13800138000','beijing','shuianmingzhu','2017-02-21 16:00:11','0','1'),
	('432a1e351a2f462388e37e98e8df1d9d','zhangsan','13800138000','jiangsunanjing','shuianmingzhu','2017-02-21 15:58:14','0','1'),
	('437b9e338e9e4170a8f970b4f76e6f8c','飞飞哥','157858488','江苏省 南京市 玄武区','富贵花','2017-10-19 16:26:18','1','72078b17d1fa421a81eea72364cb2109'),
	('524b738034224445b4a569d58648ce91','jw','15191585858','江苏省 南京市 玄武区','撒娇','2017-05-27 15:27:16','1','657eb8252e3c4861a898b757dc7117b5'),
	('578a5f117fcb4daf942af175e6d060f1','nananana','15555555','jiangsunanjing','beijing******','2017-03-16 17:50:44','0','7'),
	('5b758ec5d007462c8ff505b6bcb74452','林正波','15995745854','江苏省 南京市 玄武区','江苏','2017-10-23 19:31:26','1','94daa7b30b5e4d0a8bbc7e492afb01f1'),
	('682c6e432b0142b6ba9d5da4123e25bc','钱晓敏','13771849034','江苏省 苏州市 吴中区','横泾镇秀泾苑南区','2017-10-19 16:25:53','1','6cb711714dfb4ce39447ae470dbbf68d'),
	('6f45d5f402c045368ce986cf1ca73be2','1','13812831526','江苏省 南京市 玄武区','111','2017-06-09 22:07:13','1','9b2b6c0f6ba1403688a312de0b9194eb'),
	('70b49c623d1b4a8eaead87b5060f461d','王明','13800138000','江苏省 南京市 玄武区','玄武湖街道板仓街世界之窗产业园太阳宫1052号','2017-05-26 14:46:15','1','e60c3b041ecf43a691fc7639f9817898'),
	('86ade09220914ee3a952290a88403da6','天花板','15722448773','江苏省 南京市 玄武区','gjn','2017-10-19 13:28:34','1','6db4c0f9a7ae4231b6e6d18b99fbe56c'),
	('ac251b8cbb2746f9ad8861c069b8467f','飞飞哥','157858488','江苏省 南京市 玄武区','富贵花','2017-10-19 16:26:18','1','72078b17d1fa421a81eea72364cb2109'),
	('ac2c02521c4a4c02af0d54176672c5a1','千派','13800138000','江苏省 南京市 玄武区','郊区书好工作10栋1068室','2017-05-26 22:15:41','1','bcffb188c37d43f3a220e9983ae52a9e'),
	('b584d37d47104ee3ac8d61031c902e20','我们','152199999999','北京市,北京市','我的心是最大限度的','2017-03-20 16:51:29','1','7'),
	('ba8d999b09014d71bb204f2f0753e237 ','吧爸','18955528525','江苏省 南京市 玄武区','22525542255','2017-06-06 21:50:20','1','24618ce046b74d58b34d8a3cc594db25'),
	('bc85df9466ff4db98ce12eb8bb00c9a4','飞飞哥','157858488','江苏省 南京市 玄武区','富贵花','2017-10-19 16:26:18','0','72078b17d1fa421a81eea72364cb2109'),
	('c06c24661ba248e0885bb49ccc74fbec','景','15191585815','陕西省 西安市 未央区','谢谢','2017-05-27 15:03:39','1','5e2c3aa1d87e4cd399a5315224592430'),
	('c138d2bbcfeb428d9b96ecec562610d2','zhangsan','13800138000','jiangsunanjing','shuianmingzhu','2017-02-21 16:01:01','1','1'),
	('e608945ac3ba4b6e93bcdcdcff07f250','曹鑫','18114352759','江苏省 苏州市 吴中区','高新区塔园路98号新技术产业园8号楼嘉禾集团','2017-10-11 11:21:42','1','4fb61e6b25c443ce9711c7fbcf2c2edc'),
	('ee19c6e10ac54a06b46ebba79c0643b9  ','张敏','13184235048','江苏省 南京市 玄武区','玄武湖街道玄武大道299号汇景佳园1栋1101室','2017-05-05 19:44:52','0','16'),
	('f45686d7911846d6918d5d0569044aa9','zhangsan','13800138000','jiangsunanjing','shuianmingzhu','2017-02-21 15:56:42','0','1'),
	('f4b880f200864ad79b58ed7c3c7a0afb','1','1','北京市,北京市','哈德门','2017-03-19 10:07:10','1','11');

/*!40000 ALTER TABLE `shop_address` ENABLE KEYS */;
UNLOCK TABLES;


# Dump of table shop_attribute
# ------------------------------------------------------------

DROP TABLE IF EXISTS `shop_attribute`;

CREATE TABLE `shop_attribute` (
  `attribute_id` varchar(100) NOT NULL,
  `attribute_name` varchar(255) DEFAULT NULL COMMENT '名称',
  `goods_id` varchar(255) DEFAULT NULL COMMENT '商品id',
  `super_id` varchar(32) DEFAULT NULL COMMENT '0一级名称',
  `sort` int(11) NOT NULL COMMENT '排序',
  PRIMARY KEY (`attribute_id`)
) ENGINE=InnoDB DEFAULT CHARSET=utf8;

LOCK TABLES `shop_attribute` WRITE;
/*!40000 ALTER TABLE `shop_attribute` DISABLE KEYS */;

INSERT INTO `shop_attribute` (`attribute_id`, `attribute_name`, `goods_id`, `super_id`, `sort`)
VALUES
	('00054a37d0f448d8a3eb730f6027653a','双人位（原木色）','b92420d6b2484b778e8b2829955a5dfa','0620b88f493c4c6fba2be1a52f0c5c09',2),
	('00dfc4b794d34eef8b5d3d13e8910a08','陶瓷白','36646a8da551482e8710950e6b0fadbf','d32af539720641d6a00802b407402db5',5),
	('0212d7ca01ac47279f30e36fbe92f444','黑色','56372942013842cd882199572d17cbd3','890c9fc3d99842b3a798d3991f2e45fd',1),
	('025b8c7ff24e432daa044b40338f8b33','尺码','56372942013842cd882199572d17cbd3','0',0),
	('028857915717435e834caf08b502b087','尺码','980e6d2e32e04e84afb593e34cbab5e3','0',0),
	('03dd6ed0d3984881ad08f59a9016b6c2','钻雕金','36646a8da551482e8710950e6b0fadbf','d32af539720641d6a00802b407402db5',1),
	('041b07865f7c4d4686eccd6f072505f3','草木绿','36646a8da551482e8710950e6b0fadbf','d32af539720641d6a00802b407402db5',0),
	('043b1f000db644da9207d586b17ad4ef','半甜红','38c3408d545c4ef983f62be531bf2b0f','50dae7d1a4464c81a067b861589a3ff0',0),
	('04924bc54724486087d2004c97b36cca','提拉米苏味','ac685d5918df4bc1bfe2a08a7eed0bd0','ade141e8aff54ea9b539020041151bf3',1),
	('0539c2e3860e437d9cc5c0006b509aae','巧克力味','7eb0c24106514e02be09c27f0b5f6f81','79f8cb3358f8450f8f3a3a462a3c8724',1),
	('060bb95433e34d278068feb4c69b76d0','L','ea0cfa66331f41ec81dc4c17106e9c36','88215cf549824e16a06f9a8ab33fce37',2),
	('0620b88f493c4c6fba2be1a52f0c5c09','颜色','b92420d6b2484b778e8b2829955a5dfa','0',0),
	('07dbb95633bf4abf935e08f74b37bd10','摩卡金6GB+128GB','888b00a53dc844eb81493354939b0e0b','36c40e4b49e54c8095fdc4b4a2b3ee65',1),
	('07fcf0adbd684f55aa4a2662c34550a1','曜石黑','57d4ff1c49de4907b75ccdca01da0906','aa02b487a3ea419daa690325d96ad5c7',2),
	('08a93ab5b3234f68b1e31dfe81a35572','白色','b04e57c3bc76406a9e9f4ad7f49d595b','ddb116b810a741d4bcbba2d4457eeeee',0),
	('0a3e74af6852484ebc857f319d4cafcf','颜色分类','78124781690041d79cc44f39d32057bb','0',0),
	('0d02ffb9d20b42899457cf765a198950','50%水果果仁750g','8bd54a17f4404271adf48cf72eba5e0a','b532ad2e9bbd48e8a3a551546e090a20',0),
	('0e0a35619af04e47bbd742fdf2ddccfd','单人','1f64c5d4a310499698bf4b875c44650f','3fd42f2316e2452daef54c32d437798c',0),
	('0e8700e610d2408f8705ef1d6efa59d6','40','56372942013842cd882199572d17cbd3','025b8c7ff24e432daa044b40338f8b33',2),
	('0e8a2dd15186402e98575065715c4e73','42','980e6d2e32e04e84afb593e34cbab5e3','028857915717435e834caf08b502b087',2),
	('0e956705464e4b4bb1bc30287e1a5d7d','暗红','3a71bfbef57a465783727743912db377','e44bdfb6f625410590ebe8bb2c548a14',1),
	('0eb26bc440db4dadab6d15fbc4afb29e','M','01f9058998cf4d7a8f17e0c33e14553b','ed7766161c0c4bdd943ac12d1e0533ac',0),
	('0f176d15aa324cbcb0ba9ca91b6c6e3e','机身颜色','0fedfcb7202b4fe6bf563f6c2e91cdc8','0',0),
	('0fdba7882d864b1ca48ea1821839ad01','4.0','adfd9081d38347a783d9f08625228d4e','1ce73cf45392488cb2000f5fce4cc7ca',2),
	('0fe2783e2d084d528bd1f7510aaf70f3','陶瓷白4GB+64GB','888b00a53dc844eb81493354939b0e0b','36c40e4b49e54c8095fdc4b4a2b3ee65',5),
	('105fed71663b4b449689b97af5df8801','黑色','640554e89f144d61916f4c7660cad5e7','34b10576804e439d96c1e53c3fa9573d',1),
	('11ec4c317cbf43b8bfb80c0d5440ed4e','256GB','36646a8da551482e8710950e6b0fadbf','7a7d1fa394824dd5a5e319f2f0faabd8',2),
	('12f45813af1a4334840d19dc92450f13','适用床尺寸','8e641b8d6fca41d5b113c8cb745a3f85','0',0),
	('13b944829f4842dca7275f61affe311b','存储','210d59848d2a4f848c5c3c6556732cfb','0',2),
	('1620aebf21ef49dfae0b6b59f9014b9c','半甜桃红气泡酒','8d1c8f183a4c406397a42258b2ee24d7','6d9b32adbba846c3805f534c4575c6a6',3),
	('162490e38cff4c4f9a7a3e22dac4d0a5','1.8m（6英尺）床','8e641b8d6fca41d5b113c8cb745a3f85','12f45813af1a4334840d19dc92450f13',1),
	('163df4d8c02746c48aa6f29e205271b6','萨佩拉维起泡酒','8d1c8f183a4c406397a42258b2ee24d7','6d9b32adbba846c3805f534c4575c6a6',4),
	('16c1e9a6561e4892b357270326eb53a7','1.8m（6英尺）床','d06bc72e19df4e6b804c84282b224ace','dca07f699bbf4b3582f7f94d968f315e',1),
	('1989d0162bef491fb64262960c2ed2f6','椅子','8771a856aecf4c0293e3a5eba79a2725','d8bc9fd9b92b4a8ea7d0b5e3a71fa86e',1),
	('1a5ccb8f88cd48549cfa7838ca1dd07d','4G全网通','210d59848d2a4f848c5c3c6556732cfb','a5b4c370636a4d69a866972024c99de9',0),
	('1ab7cc51e2ab40899e0174275ef3aa49','SI/小瑕','627f21ccf893421ead0be760f9f8c01d','5bf6f42af83b4db499b76d7c0ecd707d',0),
	('1adf8b4e3c21423f97397651d83844bc','4.0','bb021b7d26ce4015a0117bbc46ca6d0d','6cabaeb57fd0493d93473d45e05622b1',1),
	('1b4ef9ca2ae244b697ecaf4bfa40d1d7','白洞150*80*35','2646dd5d556d4c12a7f598ec77838803','df093be83d2045678ebda21453bcb788',1),
	('1bb3f0e50b62430c8a3218769b46c981','Classic经典葡萄酒','26818275d2094dc2982437e12dd5fa4b','1e0664ce248844f8a33f0b14ec493251',0),
	('1c56c183391f44bab211615517f96096','64G','47560d41556c4c96b14f7d1d98936f16','924286240bbd4bf8860544453c4413c3',0),
	('1cca056d6a994dca8d1c7619426f4fe2','银色','640554e89f144d61916f4c7660cad5e7','34b10576804e439d96c1e53c3fa9573d',3),
	('1ce73cf45392488cb2000f5fce4cc7ca','尺寸','adfd9081d38347a783d9f08625228d4e','0',1),
	('1d475a83814d42359046b1e3077d460d','绿罐（含开心果）','8e579d72fd024e23871b37a97bc67991','82c216da82674370adba0dcca70e7c7c',1),
	('1df90bf234f34cf1b29c9b9ba78a0d48','白巧2盒+黑巧1盒','b4c6f995113c4b788979076c96059ed3','a421c634aeea49fb80805ea26b552be9',6),
	('1e0664ce248844f8a33f0b14ec493251','类型','26818275d2094dc2982437e12dd5fa4b','0',0),
	('1fd46b77b0b5477ebbfce3613207dab9','流光金','94f7fcb254f64fb6b1ff9e2081b2ccf0','9f2de47a80da45909636ce1c118ccac2',0),
	('2033c887525a4c518c7b30dd4f7bf3c4','单人位（原木色）','b92420d6b2484b778e8b2829955a5dfa','0620b88f493c4c6fba2be1a52f0c5c09',0),
	('20e74ed4b1dd4d858bb361b0afeb7453','双位+左贵妃 2.75米免安装','4efc77a0cccb49ee876f3226d34a5336','a7f3bbbbeeaa4221a3e4b654ccabc02c',0),
	('2330f5f33fd5450a8a3183daf861e22d','54','cf018f743e774be2b32d5084e111e832','63ef1cac96104f77bbeb07335303d362',4),
	('242d3655875644f2b62b071c4809e9f8','750ml','6f5aa5a537b746d0919f971cb1f93676','2a630d546fe34626a3462ef75f408095',0),
	('243296b9cc2b434a9227a67a8714eb82','餐桌','8771a856aecf4c0293e3a5eba79a2725','d8bc9fd9b92b4a8ea7d0b5e3a71fa86e',0),
	('2579d197509145629aac315bbd6e390e','明治黑色巧克力味1盒120g26枚','cd34d6ce70c546af899ea176cb2be9cf','685dbfcd324c4efabc03b58341de9037',0),
	('25e96baddd3e4660a5a9ff3767602588','干白葡萄酒','493373a36d9a431fbe1306682ee154d7','9d0c7e19b04c448a8c6d1c0de775be6b',0),
	('268268efc546440a839962cdf7f0e581','类型','2f4da1f42c8541208bec5f88f7c972d4','0',0),
	('268b542f3a6e4c5794c3dc569774e305','4.5','adfd9081d38347a783d9f08625228d4e','1ce73cf45392488cb2000f5fce4cc7ca',1),
	('26afab717cdf41b0be5f0682d4ef14e0','40','980e6d2e32e04e84afb593e34cbab5e3','028857915717435e834caf08b502b087',1),
	('26f5f5f7595c4f57ada8c399bc73fb4d','黑色','05b87c4206da4c8e81ae774317248725','88b6ccc1b28a45dfbaceef6a8c715f34',2),
	('272c860bb4c348679ba6d9e1f95cdd79','流光金','57d4ff1c49de4907b75ccdca01da0906','aa02b487a3ea419daa690325d96ad5c7',4),
	('277fe392a3954caf9f467dd698db86d3','38','56372942013842cd882199572d17cbd3','025b8c7ff24e432daa044b40338f8b33',1),
	('2878a674d38248a7af34aab441911b77','颜色','588a36ece2c14028a09b99f0287e4be9','0',0),
	('288a22471d6347b789f64c1549a28dac','干红葡萄酒','85f4d1b7430046a6943d8d3fac5f2847','96e8d00ea49447148ee2816e7e06296e',0),
	('28ece6204d2242ee9b631c333927a6ea','餐桌+4椅','8771a856aecf4c0293e3a5eba79a2725','d8bc9fd9b92b4a8ea7d0b5e3a71fa86e',2),
	('2936930e05a045dc8c02a58d18ed7255','类型','a77174a95d544bdbae9942d941a8ea5a','0',0),
	('29879ff32b9d470faf3962ae20c593c5','红色','adfd9081d38347a783d9f08625228d4e','6fcde77169734f768f6fca9fda1240b6',1),
	('29e55103aa9b4834a2aa716659a9b63d','红色','588a36ece2c14028a09b99f0287e4be9','2878a674d38248a7af34aab441911b77',1),
	('2a630d546fe34626a3462ef75f408095','干红','6f5aa5a537b746d0919f971cb1f93676','0',1),
	('2bb43e3cf543458797ff92cf015d415f','适用床尺寸','d30970fc41564459b0c33e6348a8e81f','0',0),
	('2cd8d0204a534be7ae1fd3e2e16cd3d3','64G','210d59848d2a4f848c5c3c6556732cfb','13b944829f4842dca7275f61affe311b',0),
	('2d352a077abb4a08becb2107487f7f31','灰色','b04e57c3bc76406a9e9f4ad7f49d595b','ddb116b810a741d4bcbba2d4457eeeee',1),
	('2e34d4afdb4e4d9eacac78bd3c8c4053','类型','55a635adda1048248afcc25f7f8cd4c1','0',0),
	('3075dee5b62a40f3b1b915a86d4c1901','干白','6f5aa5a537b746d0919f971cb1f93676','0',0),
	('30c0f07840784389b8ebdfe52bc632c4','128G','640554e89f144d61916f4c7660cad5e7','faf2c5b458d244b2bd073e977123d291',2),
	('31190ea2af9048a28dad110c04dbe42b','白洞130*80*35','2646dd5d556d4c12a7f598ec77838803','df093be83d2045678ebda21453bcb788',2),
	('325b53f7236e4fd39df884e042934632','多人','1f64c5d4a310499698bf4b875c44650f','3fd42f2316e2452daef54c32d437798c',3),
	('333d37f51bea42e6a4f11df675ec0062','48','cf018f743e774be2b32d5084e111e832','63ef1cac96104f77bbeb07335303d362',1),
	('337b5f703a0343f782c5b3a7061885e8','藏蓝','56372942013842cd882199572d17cbd3','890c9fc3d99842b3a798d3991f2e45fd',0),
	('33b016bbe8e8488780c32ec32848a540','52','cf018f743e774be2b32d5084e111e832','63ef1cac96104f77bbeb07335303d362',3),
	('34a10bcb70da41f1a47bbc6ff8bef847','尺码','85c2fa625f6845949a32a673c676f015','0',0),
	('34b10576804e439d96c1e53c3fa9573d','颜色','640554e89f144d61916f4c7660cad5e7','0',0),
	('34e33f6c4289444babee321655c9af54','干白葡萄酒','85f4d1b7430046a6943d8d3fac5f2847','96e8d00ea49447148ee2816e7e06296e',1),
	('35484abb871b40f2a07905e99df23b88','128GB','e085bde73f9c4e1f910a62504491882a','dcbc27d074d6438085706c64d6fa1f95',1),
	('364807ee13ab4b1b8b64588c5fd859ab','明治黑巧克力味2盒120g','cd34d6ce70c546af899ea176cb2be9cf','685dbfcd324c4efabc03b58341de9037',1),
	('36c40e4b49e54c8095fdc4b4a2b3ee65','机身颜色','888b00a53dc844eb81493354939b0e0b','0',0),
	('3b0dca635a464141baa435c25e801965','金色','640554e89f144d61916f4c7660cad5e7','34b10576804e439d96c1e53c3fa9573d',0),
	('3b3841a2d95c44d7878acd94004152ea','单人位（胡桃色）','b92420d6b2484b778e8b2829955a5dfa','0620b88f493c4c6fba2be1a52f0c5c09',1),
	('3d001533d1ff49a9ae0493363f80082c','半甜红葡萄酒','2f4da1f42c8541208bec5f88f7c972d4','268268efc546440a839962cdf7f0e581',0),
	('3d0eb1e757bf481ea786a65783f9e5a9','58','cf018f743e774be2b32d5084e111e832','63ef1cac96104f77bbeb07335303d362',6),
	('3d1feb25ae4848b78a60cb7d74b49e5e','曜石黑','94f7fcb254f64fb6b1ff9e2081b2ccf0','9f2de47a80da45909636ce1c118ccac2',1),
	('3d370c3986224ca4a9d7f623ac46fcf8','巴拿马80%-80克','d82b4410735940f39a9b3ce670b100f6','c7b001d454ad47fc932e5ce9551d6f6c',2),
	('3d3bf772cc5b409cb5012552c8e83505','玫瑰粉','78124781690041d79cc44f39d32057bb','0a3e74af6852484ebc857f319d4cafcf',0),
	('3d662ee2ffb3485c85218f885c1b95f6','42','56372942013842cd882199572d17cbd3','025b8c7ff24e432daa044b40338f8b33',3),
	('3ef4e6dc9561485d856208aa0c52d50b','抹茶3盒','b4c6f995113c4b788979076c96059ed3','a421c634aeea49fb80805ea26b552be9',2),
	('3fd42f2316e2452daef54c32d437798c','几人坐','1f64c5d4a310499698bf4b875c44650f','0',0),
	('4097267a8a194261a9ca89cd044c91ed','抹茶2盒+白巧1盒','b4c6f995113c4b788979076c96059ed3','a421c634aeea49fb80805ea26b552be9',4),
	('40d073cbbfb145a8976381a57abbb68f','A款（浅蓝+浅灰）','1f64c5d4a310499698bf4b875c44650f','71ccad217ec84953b8d89bab08efdb71',1),
	('4287e4ab043b4c38920f24463cfe1aa3','1.8m（6英尺）床','d30970fc41564459b0c33e6348a8e81f','2bb43e3cf543458797ff92cf015d415f',1),
	('43e79913f2cc4babbe748d172f98ac2d','XL','01f9058998cf4d7a8f17e0c33e14553b','ed7766161c0c4bdd943ac12d1e0533ac',2),
	('4920625e337344e08652f8c3e53e3074','32GB','e085bde73f9c4e1f910a62504491882a','dcbc27d074d6438085706c64d6fa1f95',0),
	('4b970b08055a4b80966ee4f5b42188ce','香槟金','210d59848d2a4f848c5c3c6556732cfb','fa9be047396f4d078674b5a1e60ead11',1),
	('4c63b9a63e624625ac050d46a3ea0335','XS','66fc5e94005548f3a5c73eaef4e56c72','60f32a90b4564a0b9e444d50f1489681',0),
	('4ceca814a85b4247a733b3cd902ebed6','白巧+黑巧+抹茶','b4c6f995113c4b788979076c96059ed3','a421c634aeea49fb80805ea26b552be9',0),
	('4d3290363e2e451a91e74203b7be6f3a','白色','66fc5e94005548f3a5c73eaef4e56c72','6b0fbda6abd241788c548fe17a034e4f',0),
	('4dacfa106feb4fb880ab74683fdaf357','玫瑰金','0fedfcb7202b4fe6bf563f6c2e91cdc8','0f176d15aa324cbcb0ba9ca91b6c6e3e',3),
	('4ee05e8252c843a980a2f2fc2407012e','草木绿','0fedfcb7202b4fe6bf563f6c2e91cdc8','0f176d15aa324cbcb0ba9ca91b6c6e3e',5),
	('50a32527281b43b1b63fbf481f3c1207','黑巧3盒','b4c6f995113c4b788979076c96059ed3','a421c634aeea49fb80805ea26b552be9',3),
	('50dae7d1a4464c81a067b861589a3ff0','类型','38c3408d545c4ef983f62be531bf2b0f','0',0),
	('518161445950468682b3e4867d554c3f','S','66fc5e94005548f3a5c73eaef4e56c72','60f32a90b4564a0b9e444d50f1489681',1),
	('5183c48f241b451eafa997b4e42c48d7','果粒味','a77174a95d544bdbae9942d941a8ea5a','2936930e05a045dc8c02a58d18ed7255',2),
	('52ae66a016ae46e4b95967dc1f65487a','1.8m（6英尺）床','b04e57c3bc76406a9e9f4ad7f49d595b','9261f3c53c0f4c11bd56e888e7ed6f9b',1),
	('53cc0a5ac8fe4131bf22b3ed828b1b20','尺码','81e9428af9dd46b88dcff4ed9eaeb8fe','0',0),
	('5629a41b4861444e98b1671081d7b109','干红葡萄酒','3c3b820137a7454081a905e2ce8cfd92','7c0c36d3bcfc4ee3894ca66b169915f9',0),
	('565a1f95035b40d0bd6924f4203283d6','干白','1b900354c9314caca37c98a9412d9ab6','c9dae63b2b85473bae85da4fb29ea50a',1),
	('5695eb24860d4ba6ae06e0cd85c82500','美码M','81e9428af9dd46b88dcff4ed9eaeb8fe','53cc0a5ac8fe4131bf22b3ed828b1b20',1),
	('5788b100962d4ae785285cf1f9994aed','曜石黑','36646a8da551482e8710950e6b0fadbf','d32af539720641d6a00802b407402db5',3),
	('57bf86c35e774c57a6f646db772c643e','L','3a71bfbef57a465783727743912db377','7dffaf2b6d38401d8bcd51d4e658bfb1',2),
	('57f9276155304a0ca981134174c60870','5.0','588a36ece2c14028a09b99f0287e4be9','7500ccd032d64db197fb79fa30e6e545',0),
	('58fccea3cf4f437e97240a829669c4e0','天蓝色','66fc5e94005548f3a5c73eaef4e56c72','6b0fbda6abd241788c548fe17a034e4f',1),
	('5918b737b3e94698af39badd9df2ed80','1.5m（5英尺）床','8e641b8d6fca41d5b113c8cb745a3f85','12f45813af1a4334840d19dc92450f13',0),
	('5a97a178946f4aab88e3322cf8d67240','玫瑰金色','e085bde73f9c4e1f910a62504491882a','6bbaf43c809b43a5901698851cf60914',1),
	('5b330255cefb47aaa79a66390f7cd8c8','S','3a71bfbef57a465783727743912db377','7dffaf2b6d38401d8bcd51d4e658bfb1',0),
	('5bbfafbe7eb34dafbee5381bd91374e9','颜色','92eaf578edd44d8095807f8366c4371a','0',0),
	('5bf6f42af83b4db499b76d7c0ecd707d','净度','627f21ccf893421ead0be760f9f8c01d','0',0),
	('5c43e2b337504c0ca8350806f3b357f0','陶瓷白6GB+128GB','888b00a53dc844eb81493354939b0e0b','36c40e4b49e54c8095fdc4b4a2b3ee65',2),
	('5ef1197e557940a5bf638ca3f70f5088','1克拉','627f21ccf893421ead0be760f9f8c01d','8ce17dffd4774a03873b86d575bbaae4',1),
	('5f983c818b2d4f0c8d6b494c19c9ca84','袋装19粒/袋150g','78e8cb326a8c4a7bb74f33e299154f5d','87d588ce1de748f98bc14d6afdb64ffa',1),
	('5f9886a98bfa42629c9baf53e544d9b8','礼盒-新翠绿丛林-4x80克','d82b4410735940f39a9b3ce670b100f6','c7b001d454ad47fc932e5ce9551d6f6c',0),
	('602a4196c8b54291be38974d8952db09','Original原浆葡萄酒','26818275d2094dc2982437e12dd5fa4b','1e0664ce248844f8a33f0b14ec493251',1),
	('60f32a90b4564a0b9e444d50f1489681','尺码','66fc5e94005548f3a5c73eaef4e56c72','0',0),
	('630776db59dd4546a7790784b7a63e8d','颜色','47560d41556c4c96b14f7d1d98936f16','0',0),
	('634edda50d204724a1211a37de42c7b0','极光蓝','57d4ff1c49de4907b75ccdca01da0906','aa02b487a3ea419daa690325d96ad5c7',1),
	('63cc00d570ca4e138935dc1040c2d9d4','白洞170*90*35','2646dd5d556d4c12a7f598ec77838803','df093be83d2045678ebda21453bcb788',0),
	('63ef1cac96104f77bbeb07335303d362','尺码','cf018f743e774be2b32d5084e111e832','0',0),
	('647d57324c3a44cf94cfa098ca40426a','M','ea0cfa66331f41ec81dc4c17106e9c36','88215cf549824e16a06f9a8ab33fce37',1),
	('64bbc8ce1ffb4f728b6ac826718179f5','64GB','57d4ff1c49de4907b75ccdca01da0906','ec405811bd124fd7abf27df29ea0ef3d',0),
	('6699fb3cf6fc46aeb22efca7a8d56f87','5.0','bb021b7d26ce4015a0117bbc46ca6d0d','6cabaeb57fd0493d93473d45e05622b1',0),
	('685aa88713f24325aa0ed1718158d82d','颜色','627f21ccf893421ead0be760f9f8c01d','0',1),
	('685dbfcd324c4efabc03b58341de9037','口味','cd34d6ce70c546af899ea176cb2be9cf','0',0),
	('68925ed8066343d99ba9d96b4f6e50ca','S','64d376d0f6574ef7b0a8290f5a0d12fd','9b76a85de6664809b36a7a1cebdca529',0),
	('690df8df77bf4612ae2da342cfddf6d4','颜色','d06bc72e19df4e6b804c84282b224ace','0',1),
	('69314d993049460d8eeb26f483c6ad02','XL','66fc5e94005548f3a5c73eaef4e56c72','60f32a90b4564a0b9e444d50f1489681',4),
	('6a12d0ade9df4871bae7c8d21225006d','3XL','01f9058998cf4d7a8f17e0c33e14553b','ed7766161c0c4bdd943ac12d1e0533ac',4),
	('6a13d9545b16416ab2143f4f15ba2ba8','玫瑰金','57d4ff1c49de4907b75ccdca01da0906','aa02b487a3ea419daa690325d96ad5c7',3),
	('6b0fbda6abd241788c548fe17a034e4f','颜色','66fc5e94005548f3a5c73eaef4e56c72','0',1),
	('6bbaf43c809b43a5901698851cf60914','机身颜色','e085bde73f9c4e1f910a62504491882a','0',0),
	('6c722c0344a94bab817ddefc1dd363db','白色','adfd9081d38347a783d9f08625228d4e','6fcde77169734f768f6fca9fda1240b6',2),
	('6cabaeb57fd0493d93473d45e05622b1','尺寸','bb021b7d26ce4015a0117bbc46ca6d0d','0',1),
	('6d9b32adbba846c3805f534c4575c6a6','类型','8d1c8f183a4c406397a42258b2ee24d7','0',0),
	('6e120a8a79a2424ca6f5cdfbab500c1a','月光银','05b87c4206da4c8e81ae774317248725','88b6ccc1b28a45dfbaceef6a8c715f34',0),
	('6f57acee66384e0c88d373b99687fdb7','M','85c2fa625f6845949a32a673c676f015','34a10bcb70da41f1a47bbc6ff8bef847',2),
	('6fcde77169734f768f6fca9fda1240b6','颜色','adfd9081d38347a783d9f08625228d4e','0',0),
	('70ba524bc059464fa8586ba39d212f93','月光银','210d59848d2a4f848c5c3c6556732cfb','fa9be047396f4d078674b5a1e60ead11',0),
	('71ccad217ec84953b8d89bab08efdb71','颜色','1f64c5d4a310499698bf4b875c44650f','0',1),
	('71f3104364a44a62aed29337687aa535','内存','05b87c4206da4c8e81ae774317248725','0',1),
	('7216cd77ac524e5990b695fc1e3f749e','颜色','bb021b7d26ce4015a0117bbc46ca6d0d','0',0),
	('7500ccd032d64db197fb79fa30e6e545','尺寸','588a36ece2c14028a09b99f0287e4be9','0',1),
	('758f14543d5e43f0b1a59a89715c21c9','明治牛奶巧克力味2盒120g','cd34d6ce70c546af899ea176cb2be9cf','685dbfcd324c4efabc03b58341de9037',3),
	('76784cafe76340b9b0af80f7337f1fb5','金色','e085bde73f9c4e1f910a62504491882a','6bbaf43c809b43a5901698851cf60914',0),
	('779dcd28a11f4e368e9335719ccf8643','双人','1f64c5d4a310499698bf4b875c44650f','3fd42f2316e2452daef54c32d437798c',1),
	('792c585f8a7d43c6804c7131f0ce1e0c','64GB','0fedfcb7202b4fe6bf563f6c2e91cdc8','f8e838db6860401f85383f5bb1d1fe99',0),
	('79f8cb3358f8450f8f3a3a462a3c8724','类型','7eb0c24106514e02be09c27f0b5f6f81','0',0),
	('7a7d1fa394824dd5a5e319f2f0faabd8','存储容量','36646a8da551482e8710950e6b0fadbf','0',1),
	('7b30061e6d6248138507cfde2deb2b88','5.2','adfd9081d38347a783d9f08625228d4e','1ce73cf45392488cb2000f5fce4cc7ca',0),
	('7c0c36d3bcfc4ee3894ca66b169915f9','类型','3c3b820137a7454081a905e2ce8cfd92','0',0),
	('7dffaf2b6d38401d8bcd51d4e658bfb1','尺码','3a71bfbef57a465783727743912db377','0',1),
	('807615b5cb4348b7a3df15b061c7b5bd','半甜干葡萄酒','2f4da1f42c8541208bec5f88f7c972d4','268268efc546440a839962cdf7f0e581',1),
	('816aa131b04a4ebb9397deed24ac7910','类型','daff6ee0423846b5b62abf46357c6428','0',0),
	('82c216da82674370adba0dcca70e7c7c','食品口味','8e579d72fd024e23871b37a97bc67991','0',0),
	('86fc80f73c404b6986303b99b9e58cd7','24粒 盒装','8dec8e0bdfb64457b61346cf3a93927b','c1b703a7a7ea43b1b6e693b3da1e31ee',0),
	('87d588ce1de748f98bc14d6afdb64ffa','口味','78e8cb326a8c4a7bb74f33e299154f5d','0',0),
	('88215cf549824e16a06f9a8ab33fce37','尺码','ea0cfa66331f41ec81dc4c17106e9c36','0',0),
	('883cc6cb6b124ad78fa5933944c1759f','30粒/两盒','8dec8e0bdfb64457b61346cf3a93927b','c1b703a7a7ea43b1b6e693b3da1e31ee',1),
	('88b6ccc1b28a45dfbaceef6a8c715f34','颜色','05b87c4206da4c8e81ae774317248725','0',0),
	('890c9fc3d99842b3a798d3991f2e45fd','颜色','56372942013842cd882199572d17cbd3','0',1),
	('89435ea8eb784792a789c24387686161','香槟金','4efc77a0cccb49ee876f3226d34a5336','bec5c0961c214d20bc1283210f04ea4b',1),
	('8974dcab6f6f442686e65999afa65d12','玫瑰金','640554e89f144d61916f4c7660cad5e7','34b10576804e439d96c1e53c3fa9573d',2),
	('89df1bf087fb45e4a7c8bb8abd95a0d7','VS/微瑕','627f21ccf893421ead0be760f9f8c01d','5bf6f42af83b4db499b76d7c0ecd707d',1),
	('8b45ba7135b04d1195a6f25d1a3ad3a5','金色','92eaf578edd44d8095807f8366c4371a','5bbfafbe7eb34dafbee5381bd91374e9',1),
	('8b813c27c5314ba89b800c9d4c7c30d9','苍穹灰','05b87c4206da4c8e81ae774317248725','88b6ccc1b28a45dfbaceef6a8c715f34',1),
	('8cd267513282472191ffe189596a3075','2XL','01f9058998cf4d7a8f17e0c33e14553b','ed7766161c0c4bdd943ac12d1e0533ac',3),
	('8ce17dffd4774a03873b86d575bbaae4','重量','627f21ccf893421ead0be760f9f8c01d','0',2),
	('8fc58c930f94414a957794049cff5722','L','85c2fa625f6845949a32a673c676f015','34a10bcb70da41f1a47bbc6ff8bef847',3),
	('9189b6609cac4e118ac00688eeee2711','黑色','01f9058998cf4d7a8f17e0c33e14553b','f9023b5ef5dc4d20919dd7410594d93d',0),
	('924286240bbd4bf8860544453c4413c3','内存','47560d41556c4c96b14f7d1d98936f16','0',1),
	('9261f3c53c0f4c11bd56e888e7ed6f9b','适用床尺寸','b04e57c3bc76406a9e9f4ad7f49d595b','0',0),
	('92bd8eafd9c949e68b2867037a8818d5','白巧3盒','b4c6f995113c4b788979076c96059ed3','a421c634aeea49fb80805ea26b552be9',1),
	('930badf7d4ba4ff7b281ba6456c63679','128GB','36646a8da551482e8710950e6b0fadbf','7a7d1fa394824dd5a5e319f2f0faabd8',0),
	('9380109a02024e62842ad71542679e05','曜石黑','0fedfcb7202b4fe6bf563f6c2e91cdc8','0f176d15aa324cbcb0ba9ca91b6c6e3e',2),
	('9394308e865e4b26bbf289a9664c6d6b','香槟金4GB+64GB','888b00a53dc844eb81493354939b0e0b','36c40e4b49e54c8095fdc4b4a2b3ee65',3),
	('93fe78d64e704f06b28087725b530f39','淡紫','d06bc72e19df4e6b804c84282b224ace','690df8df77bf4612ae2da342cfddf6d4',1),
	('9400ea3ba16b42d2bedca9bed5471f4e','16g','adfd9081d38347a783d9f08625228d4e','d2e89cf14f9d40f68429e51ebaa0b529',2),
	('9689c92e41054768b6d6a0e5e6cf2833','128GB','0fedfcb7202b4fe6bf563f6c2e91cdc8','f8e838db6860401f85383f5bb1d1fe99',1),
	('96aa5f298f5e4f85b976ba4dd0d0072e','蓝色','64d376d0f6574ef7b0a8290f5a0d12fd','b21dedbbc4244842b86b3ace39b23348',0),
	('96cfc2ac259a4a9791ebb6675b5fecfc','草木绿','57d4ff1c49de4907b75ccdca01da0906','aa02b487a3ea419daa690325d96ad5c7',0),
	('96e8d00ea49447148ee2816e7e06296e','类型','85f4d1b7430046a6943d8d3fac5f2847','0',0),
	('97bcebe96d1648d39b6c9df14ec1c6f5','36','56372942013842cd882199572d17cbd3','025b8c7ff24e432daa044b40338f8b33',0),
	('97facfd1f84c4e0f8a2b0565af5de312','桃红葡萄酒','822d3e73aed44741a8f695fa0db0e1a7','d8e30832d8c24749b320a9a63b10f670',1),
	('98b335f6c7c5464993444aea87f0ddaa','M','66fc5e94005548f3a5c73eaef4e56c72','60f32a90b4564a0b9e444d50f1489681',2),
	('990a4fb5dff745979cb52bab6d52c6df','颜色','81e9428af9dd46b88dcff4ed9eaeb8fe','0',1),
	('9aad6eaacf894ae499819c0ffe05a36c','陶瓷白','0fedfcb7202b4fe6bf563f6c2e91cdc8','0f176d15aa324cbcb0ba9ca91b6c6e3e',4),
	('9b76a85de6664809b36a7a1cebdca529','尺码','64d376d0f6574ef7b0a8290f5a0d12fd','0',0),
	('9b9fc7be8f7b465e82a9019f4d631787','S','85c2fa625f6845949a32a673c676f015','34a10bcb70da41f1a47bbc6ff8bef847',1),
	('9c27724709bb4279ba67742ccc8467af','类型','7482a5a7f5f34cf9aaa56d54bc950d16','0',0),
	('9d0c7e19b04c448a8c6d1c0de775be6b','类型','493373a36d9a431fbe1306682ee154d7','0',0),
	('9d5c8c0d0f124833b3b63726f7cf5ec4','玫瑰金','36646a8da551482e8710950e6b0fadbf','d32af539720641d6a00802b407402db5',2),
	('9e9d8e4c0ddd44dc89398b5cebc6cc42','三人','1f64c5d4a310499698bf4b875c44650f','3fd42f2316e2452daef54c32d437798c',2),
	('9f2de47a80da45909636ce1c118ccac2','机身颜色','94f7fcb254f64fb6b1ff9e2081b2ccf0','0',0),
	('a13686fe4b1a425a9b98091ccd62b5db','布鲁特干白起泡酒','3b6336534e5e4f7a82e33ed77c102f9e','e57274ddad5b4119903316d9e8be5da0',0),
	('a155220aac9345b195ea8bbd159a332d','双人位（胡桃色）','b92420d6b2484b778e8b2829955a5dfa','0620b88f493c4c6fba2be1a52f0c5c09',3),
	('a1958896b9774b029e7dcfa5d199bb54','奶油味','ac685d5918df4bc1bfe2a08a7eed0bd0','ade141e8aff54ea9b539020041151bf3',0),
	('a196fba744204a6db428a3dc29ca7820','黑色6GB+128GB','888b00a53dc844eb81493354939b0e0b','36c40e4b49e54c8095fdc4b4a2b3ee65',7),
	('a26da1e634334597b55ab02a1101963c','整箱分享装60粒（5粒/盒X12）','78e8cb326a8c4a7bb74f33e299154f5d','87d588ce1de748f98bc14d6afdb64ffa',3),
	('a2f0e73740084e45a71268074859cdfd','64G','640554e89f144d61916f4c7660cad5e7','faf2c5b458d244b2bd073e977123d291',1),
	('a421c634aeea49fb80805ea26b552be9','口味','b4c6f995113c4b788979076c96059ed3','0',0),
	('a5b4c370636a4d69a866972024c99de9','网络','210d59848d2a4f848c5c3c6556732cfb','0',0),
	('a66a331b090f41308dc7a497f0f8185d','5.0','bb021b7d26ce4015a0117bbc46ca6d0d','7216cd77ac524e5990b695fc1e3f749e',0),
	('a6c8fa1aa09746f6bd0e8b7830b5fb6d','半甜红葡萄酒','55a635adda1048248afcc25f7f8cd4c1','2e34d4afdb4e4d9eacac78bd3c8c4053',0),
	('a707425df84640a0a8f6b9cf9723dd8a','128G','210d59848d2a4f848c5c3c6556732cfb','13b944829f4842dca7275f61affe311b',1),
	('a7e0924cc7d34c6cbe9d973762423f6b','干红葡萄酒','493373a36d9a431fbe1306682ee154d7','9d0c7e19b04c448a8c6d1c0de775be6b',1),
	('a7f3bbbbeeaa4221a3e4b654ccabc02c','几人坐','4efc77a0cccb49ee876f3226d34a5336','0',0),
	('a9416a6b7f9b4da1beac68339b0e42ef','组装','2646dd5d556d4c12a7f598ec77838803','d05316a70f424d9ab43efcca24e8d2c9',0),
	('a95c2679f8c94576867da20afa2d2559','薄荷67%-80克','d82b4410735940f39a9b3ce670b100f6','c7b001d454ad47fc932e5ce9551d6f6c',1),
	('a964177ceea84bc38c041e71fa07929f','藏青','3a71bfbef57a465783727743912db377','e44bdfb6f625410590ebe8bb2c548a14',2),
	('a9cedfcc1d71465e80baefdb55acb366','L','01f9058998cf4d7a8f17e0c33e14553b','ed7766161c0c4bdd943ac12d1e0533ac',1),
	('aa02b487a3ea419daa690325d96ad5c7','机身颜色','57d4ff1c49de4907b75ccdca01da0906','0',0),
	('ac393403108749c2aec1bc33809b8a43','D-E/极白','627f21ccf893421ead0be760f9f8c01d','685aa88713f24325aa0ed1718158d82d',0),
	('ad6520f3f21646b08874c0e17a054dc7','半甜干葡萄酒','7482a5a7f5f34cf9aaa56d54bc950d16','9c27724709bb4279ba67742ccc8467af',1),
	('ade141e8aff54ea9b539020041151bf3','口味','ac685d5918df4bc1bfe2a08a7eed0bd0','0',0),
	('b13dfad8505c486a8fced58167e76365','干红葡萄酒','822d3e73aed44741a8f695fa0db0e1a7','d8e30832d8c24749b320a9a63b10f670',0),
	('b1a308e39ab04fe7aedd602ec190d1d1','美码S','81e9428af9dd46b88dcff4ed9eaeb8fe','53cc0a5ac8fe4131bf22b3ed828b1b20',0),
	('b21dedbbc4244842b86b3ace39b23348','颜色','64d376d0f6574ef7b0a8290f5a0d12fd','0',1),
	('b23be24bb45644c59dd88f36b2d84dc1','黑色','81e9428af9dd46b88dcff4ed9eaeb8fe','990a4fb5dff745979cb52bab6d52c6df',0),
	('b26e58c06cec441691cd83d3bdaa2ac4','10.5英寸','5ac74d5f07ef400b8382e9ba54ca1e47','ec3629cbc61d438cb44f924e421f333b',0),
	('b2f799c321ca4d8f925fc8ba7af201a5','56','cf018f743e774be2b32d5084e111e832','63ef1cac96104f77bbeb07335303d362',5),
	('b2ff8bb7ee684c5d88e5c575d4e981de','12.9英寸','5ac74d5f07ef400b8382e9ba54ca1e47','ec3629cbc61d438cb44f924e421f333b',1),
	('b3303baf55e64184aaa41ce63d6a5f20','芥末黄','78124781690041d79cc44f39d32057bb','0a3e74af6852484ebc857f319d4cafcf',1),
	('b3d806e0d13e4f4eb9590bb2d7bf117d','明治牛奶巧克力味1盒120g26枚','cd34d6ce70c546af899ea176cb2be9cf','685dbfcd324c4efabc03b58341de9037',2),
	('b532ad2e9bbd48e8a3a551546e090a20','口味','8bd54a17f4404271adf48cf72eba5e0a','0',0),
	('b7cd0efae5244900872374e2d7363217','摩卡金4GB+64GB','888b00a53dc844eb81493354939b0e0b','36c40e4b49e54c8095fdc4b4a2b3ee65',4),
	('b8cb1f45350d42549d44d2bcd475f2a2','半甜起泡酒','8d1c8f183a4c406397a42258b2ee24d7','6d9b32adbba846c3805f534c4575c6a6',1),
	('b8d55db7a1b640819c156a148690feb9','44','980e6d2e32e04e84afb593e34cbab5e3','028857915717435e834caf08b502b087',3),
	('bafeb85c388b425ea4e7c033f6a3cb25','32G','640554e89f144d61916f4c7660cad5e7','faf2c5b458d244b2bd073e977123d291',0),
	('bbf85031e64e4970a44c3b0593cbead7','4.0','bb021b7d26ce4015a0117bbc46ca6d0d','7216cd77ac524e5990b695fc1e3f749e',1),
	('bbfc4cf9895c49599fff69b75f082306','半甜红葡萄酒','7482a5a7f5f34cf9aaa56d54bc950d16','9c27724709bb4279ba67742ccc8467af',0),
	('bd0718d133b541f982038ac019162d57','干白葡萄酒','daff6ee0423846b5b62abf46357c6428','816aa131b04a4ebb9397deed24ac7910',0),
	('bdc6be60726b4d11a0d9360a39fcd090','其他','1f64c5d4a310499698bf4b875c44650f','3fd42f2316e2452daef54c32d437798c',4),
	('be1ba249067a4f8698a2f472e8be6cc0','红罐（含花生）','8e579d72fd024e23871b37a97bc67991','82c216da82674370adba0dcca70e7c7c',0),
	('be26b2cb7dda4be6a90abc8001566be6','38','980e6d2e32e04e84afb593e34cbab5e3','028857915717435e834caf08b502b087',0),
	('be491e8b52454b83a10862047ccfd936','XXL','ea0cfa66331f41ec81dc4c17106e9c36','88215cf549824e16a06f9a8ab33fce37',3),
	('bec5c0961c214d20bc1283210f04ea4b','颜色','4efc77a0cccb49ee876f3226d34a5336','0',1),
	('bf627a8a57e449c7ae3fab343d6f8246','750ml','6f5aa5a537b746d0919f971cb1f93676','3075dee5b62a40f3b1b915a86d4c1901',0),
	('c078733fc68c4ee0877a2546e3ca13e3','苍穹灰4GB+32GB','888b00a53dc844eb81493354939b0e0b','36c40e4b49e54c8095fdc4b4a2b3ee65',8),
	('c09ee03d72224f758fa055e0779fa987','抹茶味','a77174a95d544bdbae9942d941a8ea5a','2936930e05a045dc8c02a58d18ed7255',0),
	('c0ebdda8e0174cf4b73d9db5cca43e26','L','66fc5e94005548f3a5c73eaef4e56c72','60f32a90b4564a0b9e444d50f1489681',3),
	('c16a3d2fb47f405197dec04ca422e8fa','钻雕蓝','0fedfcb7202b4fe6bf563f6c2e91cdc8','0f176d15aa324cbcb0ba9ca91b6c6e3e',0),
	('c1b703a7a7ea43b1b6e693b3da1e31ee','口味','8dec8e0bdfb64457b61346cf3a93927b','0',0),
	('c22c202a38dc477d92ebe0acc12aa97a','半甜红葡萄酒','071972a79097412b881ca6ac0c64f1f4','e3baf8393fc340748e396b8c02c304a9',0),
	('c46ad95386e44161b15506fd4eb796cd','淡蓝','d06bc72e19df4e6b804c84282b224ace','690df8df77bf4612ae2da342cfddf6d4',0),
	('c5effe25aeff4645b553b0c6b79ef7c8','64g','adfd9081d38347a783d9f08625228d4e','d2e89cf14f9d40f68429e51ebaa0b529',0),
	('c7b001d454ad47fc932e5ce9551d6f6c','口味','d82b4410735940f39a9b3ce670b100f6','0',0),
	('c860bcbe9ba845e7ab883a97507db525','黑色','588a36ece2c14028a09b99f0287e4be9','2878a674d38248a7af34aab441911b77',0),
	('c9dae63b2b85473bae85da4fb29ea50a','类型','1b900354c9314caca37c98a9412d9ab6','0',0),
	('caacfa87ec744b99a67f02f9c40cfa6e','黑巧2盒+白巧1盒','b4c6f995113c4b788979076c96059ed3','a421c634aeea49fb80805ea26b552be9',7),
	('cb0649e92deb4ebfb8074b8f8a0c1e25','礼盒装32粒/盒250g','78e8cb326a8c4a7bb74f33e299154f5d','87d588ce1de748f98bc14d6afdb64ffa',0),
	('cb36d95a893842819cb08375dd968c88','64G','05b87c4206da4c8e81ae774317248725','71f3104364a44a62aed29337687aa535',0),
	('cbedc6034f614869b9d652d7a3134951','S','ea0cfa66331f41ec81dc4c17106e9c36','88215cf549824e16a06f9a8ab33fce37',0),
	('cc96ccfbf9584db09b2fb304d263faa3','M','64d376d0f6574ef7b0a8290f5a0d12fd','9b76a85de6664809b36a7a1cebdca529',1),
	('cd7baf0c237d470ab037c9486ecfba9b','A款（深灰+浅灰）','1f64c5d4a310499698bf4b875c44650f','71ccad217ec84953b8d89bab08efdb71',0),
	('cf44bba61a994d9b8989e250e03cad37','藏青色','01f9058998cf4d7a8f17e0c33e14553b','f9023b5ef5dc4d20919dd7410594d93d',1),
	('d05316a70f424d9ab43efcca24e8d2c9','安装方式','2646dd5d556d4c12a7f598ec77838803','0',0),
	('d1c8f519961f4d65b8b5e9ef4c56fd20','蓝罐（含夏威夷果）','8e579d72fd024e23871b37a97bc67991','82c216da82674370adba0dcca70e7c7c',2),
	('d1d16019a3ce4cca97b6fc09f37073e0','50','cf018f743e774be2b32d5084e111e832','63ef1cac96104f77bbeb07335303d362',2),
	('d1d9c8a290c24a2ca8df4a2d9b5c4f7b','颜色','cf018f743e774be2b32d5084e111e832','0',1),
	('d2e89cf14f9d40f68429e51ebaa0b529','内存','adfd9081d38347a783d9f08625228d4e','0',2),
	('d302519ab9bb4ddf94db4dd05739dfda','香槟金6GB+128GB','888b00a53dc844eb81493354939b0e0b','36c40e4b49e54c8095fdc4b4a2b3ee65',0),
	('d32af539720641d6a00802b407402db5','机身颜色','36646a8da551482e8710950e6b0fadbf','0',0),
	('d36113ca0b3c46778c896ebe91a3902d','干红','1b900354c9314caca37c98a9412d9ab6','c9dae63b2b85473bae85da4fb29ea50a',0),
	('d3f7c453f7e44146876ef592d5425736','谜夜黑','47560d41556c4c96b14f7d1d98936f16','630776db59dd4546a7790784b7a63e8d',1),
	('d3faa22847134026ba487e3e3647cf2b','半干起泡酒','8d1c8f183a4c406397a42258b2ee24d7','6d9b32adbba846c3805f534c4575c6a6',0),
	('d49e1e249e74440696f674ef8145d875','M','3a71bfbef57a465783727743912db377','7dffaf2b6d38401d8bcd51d4e658bfb1',1),
	('d5f91f50c7ca40119220df2662493c2f','月光银4GB+32GB','888b00a53dc844eb81493354939b0e0b','36c40e4b49e54c8095fdc4b4a2b3ee65',6),
	('d608a563446844778113d8351c5a0851','XL','3a71bfbef57a465783727743912db377','7dffaf2b6d38401d8bcd51d4e658bfb1',3),
	('d8bc9fd9b92b4a8ea7d0b5e3a71fa86e','颜色','8771a856aecf4c0293e3a5eba79a2725','0',0),
	('d8e30832d8c24749b320a9a63b10f670','类型','822d3e73aed44741a8f695fa0db0e1a7','0',0),
	('d91b8f27babe4ae5bb9fd8f64ad687b8','布鲁特干白起泡酒','8d1c8f183a4c406397a42258b2ee24d7','6d9b32adbba846c3805f534c4575c6a6',2),
	('d9d9679f17dd4c2c9f52ebd89622bf91','白巧克力味','7eb0c24106514e02be09c27f0b5f6f81','79f8cb3358f8450f8f3a3a462a3c8724',0),
	('da53575d2317476bab1521bf1e120988','45%水果麦片750g','8bd54a17f4404271adf48cf72eba5e0a','b532ad2e9bbd48e8a3a551546e090a20',1),
	('dbe705e64de4411e9ef679ad5f67b222','白色','3a71bfbef57a465783727743912db377','e44bdfb6f625410590ebe8bb2c548a14',0),
	('dca07f699bbf4b3582f7f94d968f315e','适用床尺寸','d06bc72e19df4e6b804c84282b224ace','0',0),
	('dcbc27d074d6438085706c64d6fa1f95','存储容量','e085bde73f9c4e1f910a62504491882a','0',1),
	('dd9c1a54a6b4463dbf81febda9a10410','1.5m（5英尺）床','d06bc72e19df4e6b804c84282b224ace','dca07f699bbf4b3582f7f94d968f315e',0),
	('dda3859ddb954544bfe12f897ec63dca','1.5m（5英尺）床','d30970fc41564459b0c33e6348a8e81f','2bb43e3cf543458797ff92cf015d415f',0),
	('ddb116b810a741d4bcbba2d4457eeeee','颜色分类','b04e57c3bc76406a9e9f4ad7f49d595b','0',1),
	('ddfbc10474984f2aad90d81f3d6100a1','深空灰','92eaf578edd44d8095807f8366c4371a','5bbfafbe7eb34dafbee5381bd91374e9',0),
	('df093be83d2045678ebda21453bcb788','颜色','2646dd5d556d4c12a7f598ec77838803','0',1),
	('e0567aeec91a464c81486a62b44a3827','钻雕蓝','36646a8da551482e8710950e6b0fadbf','d32af539720641d6a00802b407402db5',4),
	('e176d3af92b4484b82b34afb3b58cdec','精装礼盒16粒/盒120g','78e8cb326a8c4a7bb74f33e299154f5d','87d588ce1de748f98bc14d6afdb64ffa',2),
	('e24c1430a179456b94e3531da9698dbd','绮梦金','47560d41556c4c96b14f7d1d98936f16','630776db59dd4546a7790784b7a63e8d',0),
	('e3baf8393fc340748e396b8c02c304a9','类型','071972a79097412b881ca6ac0c64f1f4','0',0),
	('e44bdfb6f625410590ebe8bb2c548a14','颜色','3a71bfbef57a465783727743912db377','0',0),
	('e57274ddad5b4119903316d9e8be5da0','类型','3b6336534e5e4f7a82e33ed77c102f9e','0',0),
	('e5cd4439ecf94a0282cb91f20bdde702','XS','85c2fa625f6845949a32a673c676f015','34a10bcb70da41f1a47bbc6ff8bef847',0),
	('e77fe08a3f9a4b47a4fa976877b9dc03','4.5','588a36ece2c14028a09b99f0287e4be9','7500ccd032d64db197fb79fa30e6e545',1),
	('e8031aab5dc84c6692e6279a2661ddd9','46','cf018f743e774be2b32d5084e111e832','63ef1cac96104f77bbeb07335303d362',0),
	('e8492353fb644ee08f45de487f3114bd','黑色','adfd9081d38347a783d9f08625228d4e','6fcde77169734f768f6fca9fda1240b6',0),
	('e900fc35270f4060a0bb2986cfc0230d','餐桌+6椅','8771a856aecf4c0293e3a5eba79a2725','d8bc9fd9b92b4a8ea7d0b5e3a71fa86e',3),
	('ebccd6827e414baeab7cf54a522d7a2c','1.5m（5英尺）床','b04e57c3bc76406a9e9f4ad7f49d595b','9261f3c53c0f4c11bd56e888e7ed6f9b',0),
	('ec3629cbc61d438cb44f924e421f333b','版本','5ac74d5f07ef400b8382e9ba54ca1e47','0',0),
	('ec405811bd124fd7abf27df29ea0ef3d','存储容量','57d4ff1c49de4907b75ccdca01da0906','0',1),
	('ed7766161c0c4bdd943ac12d1e0533ac','尺码','01f9058998cf4d7a8f17e0c33e14553b','0',0),
	('edaa21088d304bbd80d0af153ea1f4be','128G','05b87c4206da4c8e81ae774317248725','71f3104364a44a62aed29337687aa535',1),
	('edcce43034814215969e564947515edf','灰色','cf018f743e774be2b32d5084e111e832','d1d9c8a290c24a2ca8df4a2d9b5c4f7b',0),
	('ee2a3082dd9c427abb3d258c04dc3fd4','抹茶2盒+黑巧1盒','b4c6f995113c4b788979076c96059ed3','a421c634aeea49fb80805ea26b552be9',5),
	('eec55f1e21aa439788c718009d4ec539','亮黑','36646a8da551482e8710950e6b0fadbf','d32af539720641d6a00802b407402db5',6),
	('ef79c90f588f440f87b82696552f3b29','钻雕金','0fedfcb7202b4fe6bf563f6c2e91cdc8','0f176d15aa324cbcb0ba9ca91b6c6e3e',1),
	('f09cbcb09cd54d84b11b9c0647deb9b9','64GB','36646a8da551482e8710950e6b0fadbf','7a7d1fa394824dd5a5e319f2f0faabd8',1),
	('f3293f5ca6fc4c0e8112902632b32f82','128g','adfd9081d38347a783d9f08625228d4e','d2e89cf14f9d40f68429e51ebaa0b529',1),
	('f576bac364324390b69317e799d2f47f','奶酪味','a77174a95d544bdbae9942d941a8ea5a','2936930e05a045dc8c02a58d18ed7255',1),
	('f8e838db6860401f85383f5bb1d1fe99','存储容量','0fedfcb7202b4fe6bf563f6c2e91cdc8','0',1),
	('f9023b5ef5dc4d20919dd7410594d93d','颜色','01f9058998cf4d7a8f17e0c33e14553b','0',1),
	('f9ae13571cc942eebac37979dc9000f3','米黄色','4efc77a0cccb49ee876f3226d34a5336','bec5c0961c214d20bc1283210f04ea4b',0),
	('fa9be047396f4d078674b5a1e60ead11','颜色','210d59848d2a4f848c5c3c6556732cfb','0',1),
	('faf2c5b458d244b2bd073e977123d291','内存','640554e89f144d61916f4c7660cad5e7','0',1),
	('fc1e15081a144858b02385490ffec010','F-G/优白','627f21ccf893421ead0be760f9f8c01d','685aa88713f24325aa0ed1718158d82d',1),
	('fee32d200fc34646b2e662e89f37c5be','30分','627f21ccf893421ead0be760f9f8c01d','8ce17dffd4774a03873b86d575bbaae4',0);

/*!40000 ALTER TABLE `shop_attribute` ENABLE KEYS */;
UNLOCK TABLES;


# Dump of table shop_attribute_detail
# ------------------------------------------------------------

DROP TABLE IF EXISTS `shop_attribute_detail`;

CREATE TABLE `shop_attribute_detail` (
  `attribute_detail_id` varchar(100) NOT NULL,
  `goods_id` varchar(255) DEFAULT NULL COMMENT 'id',
  `attribute_detail_name` varchar(255) DEFAULT NULL COMMENT '属性名称',
  `attribute_detail_price` decimal(10,2) DEFAULT NULL COMMENT '价格',
  `attribute_detail_num` int(11) NOT NULL DEFAULT '0' COMMENT '数量',
  `sort` int(11) NOT NULL COMMENT '排序',
  PRIMARY KEY (`attribute_detail_id`)
) ENGINE=InnoDB DEFAULT CHARSET=utf8;

LOCK TABLES `shop_attribute_detail` WRITE;
/*!40000 ALTER TABLE `shop_attribute_detail` DISABLE KEYS */;

INSERT INTO `shop_attribute_detail` (`attribute_detail_id`, `goods_id`, `attribute_detail_name`, `attribute_detail_price`, `attribute_detail_num`, `sort`)
VALUES
	('009757eccbdd4de69f0f27cd06925528','1f64c5d4a310499698bf4b875c44650f','单人,A款（深灰+浅灰）',2371.68,100,0),
	('015da55e6a0a424da4840d69779887d1','47560d41556c4c96b14f7d1d98936f16','绮梦金,64G',5688.00,111,0),
	('01f79766290d4be2b2e1c7f123672bf7','588a36ece2c14028a09b99f0287e4be9','黑色,4.5',0.01,0,1),
	('03323f9da48e46f7b612becfa3cfb4b7','cf018f743e774be2b32d5084e111e832','46,灰色',1580.00,100,0),
	('038b6d538e534f6e91187ea88efaf693','adfd9081d38347a783d9f08625228d4e','白色,4.5,128g',0.01,1124,22),
	('0398d77754694a35a744908b811773f0','57d4ff1c49de4907b75ccdca01da0906','极光蓝,64GB',2499.00,100,1),
	('044913fda9c3400dabcabba4d0036099','627f21ccf893421ead0be760f9f8c01d','SI/小瑕,D-E/极白,30分',0.01,10,0),
	('05a4995b2d444a01be7ef0a6645c406d','bb021b7d26ce4015a0117bbc46ca6d0d','红色,4.0',4.00,44,3),
	('05f473151e084332a5de0c253b00195a','0fedfcb7202b4fe6bf563f6c2e91cdc8','钻雕金,64GB',3488.00,100,2),
	('07106d5998f546cab76d207b072e1aa2','adfd9081d38347a783d9f08625228d4e','白色,4.5,16g',0.01,1125,23),
	('074e039d5d2f40978882177d8b7cff7b','3a71bfbef57a465783727743912db377','暗红,XL',89.00,100,7),
	('08607da8005043638501f51c6d98c5d9','85c2fa625f6845949a32a673c676f015','S',645.00,20,1),
	('089fcf249b04475d9af7c6ebb7f01b61','66fc5e94005548f3a5c73eaef4e56c72','XS,白色',290.00,50,0),
	('09d1809a76484e7d95ac184620483ff1','adfd9081d38347a783d9f08625228d4e','黑色,4.0,64g',7.00,666,6),
	('0a2bfcf56a85403782f8057ec43c0471','7eb0c24106514e02be09c27f0b5f6f81','巧克力味',5.80,50,1),
	('0a43965690b5406d9979af5907d0e8a9','3a71bfbef57a465783727743912db377','藏青,XL',89.00,100,11),
	('0b12d07054974443b7aa1646339c4c94','adfd9081d38347a783d9f08625228d4e','红色,4.5,128g',0.01,1113,13),
	('0bc32f164a224dcaa360a9e5c375bb04','0fedfcb7202b4fe6bf563f6c2e91cdc8','钻雕金,128GB',3988.00,100,3),
	('0bfdce72f7ae4f3895787dc06a1fc65f','adfd9081d38347a783d9f08625228d4e','黑色,4.0,16g',9.00,0,8),
	('0c78657de5d44f73ba56914b8576a76f','640554e89f144d61916f4c7660cad5e7','玫瑰金,64G',5880.00,8888,7),
	('0e58443567f3414d817307d71010b7f5','3a71bfbef57a465783727743912db377','藏青,M',89.00,100,9),
	('100bf28f194747d48c9f7d55a441cd8f','66fc5e94005548f3a5c73eaef4e56c72','S,白色',290.00,50,2),
	('1172c36e5b8c4aae9fb15b0b69ecbf19','627f21ccf893421ead0be760f9f8c01d','VS/微瑕,D-E/极白,1克拉',0.30,300,5),
	('12cd8789b8964775b99d1542fc3bda8a','57d4ff1c49de4907b75ccdca01da0906','流光金,64GB',2499.00,100,4),
	('12d0c727b36b48df82dd8f88ea8783c8','1f64c5d4a310499698bf4b875c44650f','多人,A款（浅蓝+浅灰）',4514.40,100,7),
	('1442e3a1e21942828627b08bc415a916','588a36ece2c14028a09b99f0287e4be9','红色,5.0',0.01,1,2),
	('1562871bc42946078369e0056b281998','56372942013842cd882199572d17cbd3','40,藏蓝',499.00,20,4),
	('17deeab7d1a44c689fea914c1013c32e','cf018f743e774be2b32d5084e111e832','50,灰色',1580.00,100,2),
	('17e71934140c4025b83d1aa63657c6b7','640554e89f144d61916f4c7660cad5e7','银色,64G',5880.00,1234,10),
	('18c900ac364742d590b0f629dd90f717','01f9058998cf4d7a8f17e0c33e14553b','2XL,黑色',459.00,20,6),
	('1a1b94c9a31b40b3a51832e5ebd4657b','66fc5e94005548f3a5c73eaef4e56c72','XS,天蓝色',290.00,50,1),
	('1af35828ae604cbbaa640297998b57db','888b00a53dc844eb81493354939b0e0b','摩卡金6GB+128GB',3448.00,888,1),
	('1affba738a5745f0ac84750023d8db9a','2f4da1f42c8541208bec5f88f7c972d4','半甜红葡萄酒',420.00,10000,0),
	('1c30bf9185464917b9561bd484c1ee35','ac685d5918df4bc1bfe2a08a7eed0bd0','提拉米苏味',19.90,100,1),
	('1e755074f737452294bbd7b7f28e2e3f','01f9058998cf4d7a8f17e0c33e14553b','M,藏青色',459.00,20,1),
	('1f4e21343b754a4aa2023519cb0a8dec','cd34d6ce70c546af899ea176cb2be9cf','明治黑巧克力味2盒120g',55.00,150,1),
	('1f9320c0e64545acab60143a4e7d9eec','adfd9081d38347a783d9f08625228d4e','黑色,4.0,128g',8.00,777,7),
	('2108ac4d01b64f7f84022046ba2f2196','210d59848d2a4f848c5c3c6556732cfb','4G全网通,香槟金,64G',1088.00,1000,2),
	('21140832618245fabb0ef40e69685b2c','5ac74d5f07ef400b8382e9ba54ca1e47','12.9英寸',9088.00,100,1),
	('227b679dcf2e4ad48b7f98fa9bf9417b','adfd9081d38347a783d9f08625228d4e','红色,5.2,128g',11.00,999,10),
	('25188c6e28ad473bb5223c59026195ac','3b6336534e5e4f7a82e33ed77c102f9e','布鲁特干白起泡酒',2000.00,2000,0),
	('2621632a3edf41b49659fbded068a48e','640554e89f144d61916f4c7660cad5e7','银色,128G',6288.00,2345,11),
	('2846e7aab9f04f46809f878054cbacc4','8dec8e0bdfb64457b61346cf3a93927b','30粒/两盒',75.00,120,1),
	('293e048fb69b40f88e236b53bdf63421','588a36ece2c14028a09b99f0287e4be9','黑色,5.0',0.01,1,0),
	('297a08de24c14e789cce28bc65d746fa','640554e89f144d61916f4c7660cad5e7','黑色,32G',5680.00,4444,3),
	('2bcace3a4a414b3bb520d8fee41e9d03','d30970fc41564459b0c33e6348a8e81f','1.5m（5英尺）床',2699.00,1000,0),
	('2e09f2d8ebb94904a10959ccc0b3d123','b4c6f995113c4b788979076c96059ed3','黑巧3盒',39.00,100,3),
	('2e7f60a08fcd4b02bdde0ab571f494c4','56372942013842cd882199572d17cbd3','36,黑色',499.00,20,1),
	('2f0bb2875a224997bf6357f30a98b86e','d06bc72e19df4e6b804c84282b224ace','1.8m（6英尺）床,淡紫',699.00,200,3),
	('2f32b1b9e14f4f9a944a12375185834c','e085bde73f9c4e1f910a62504491882a','金色,32GB',4588.00,100,0),
	('31cea617a2214690852ae9f44cbd1f64','85f4d1b7430046a6943d8d3fac5f2847','干白葡萄酒',268.00,230000,1),
	('3388b2ebdc184d06a5da5860dfb84803','493373a36d9a431fbe1306682ee154d7','干白葡萄酒',2000.00,200000,0),
	('34430399e9764499b7628ec34a6a37d7','36646a8da551482e8710950e6b0fadbf','钻雕金,128GB',4488.00,100,3),
	('350f2bbf482743dda02562ad67f07b2a','56372942013842cd882199572d17cbd3','38,藏蓝',499.00,20,2),
	('35bdfbda047241b3be9ea6181628b352','57d4ff1c49de4907b75ccdca01da0906','曜石黑,64GB',2499.00,100,2),
	('36721e83b8c94773b7e99f4bcf4ef2d8','36646a8da551482e8710950e6b0fadbf','曜石黑,256GB',5588.00,100,11),
	('37e2cefdbf1d420d9dde04ed829d91cb','822d3e73aed44741a8f695fa0db0e1a7','桃红葡萄酒',256.00,10000,1),
	('3a2a0baad8e742289086e99058b99cbd','adfd9081d38347a783d9f08625228d4e','红色,4.0,16g',0.01,1117,17),
	('3b3bcdddd1f24be4abb560d1cd5130a5','980e6d2e32e04e84afb593e34cbab5e3','44',480.00,20,3),
	('3bd60a8150ab4f8fa5852f9e89ca867f','81e9428af9dd46b88dcff4ed9eaeb8fe','美码M,黑色',498.00,10,1),
	('3bdcb97b6c4a467892e8d957c18f6a4c','26818275d2094dc2982437e12dd5fa4b','Original原浆葡萄酒',168.00,10000,1),
	('3d143010e48541a99818c6803274293c','66fc5e94005548f3a5c73eaef4e56c72','XL,天蓝色',290.00,50,9),
	('3d656a3d3e15402d978c04c2a7447b40','66fc5e94005548f3a5c73eaef4e56c72','S,天蓝色',290.00,50,3),
	('3dfc4f074ed0495d9fb4d66b06edd575','b04e57c3bc76406a9e9f4ad7f49d595b','1.8m（6英尺）床,白色',790.00,100,2),
	('3f989ea7b3a4473dadd6c577ece14d1b','36646a8da551482e8710950e6b0fadbf','玫瑰金,256GB',5588.00,100,8),
	('4022bccefd4c4540ae407c4997817658','627f21ccf893421ead0be760f9f8c01d','VS/微瑕,F-G/优白,1克拉',0.40,400,7),
	('409de4e4d883499fab5699bd9ae6a346','3a71bfbef57a465783727743912db377','藏青,L',89.00,100,10),
	('45a711c88dd74928b1ff8c8f9e898583','adfd9081d38347a783d9f08625228d4e','白色,4.0,16g',0.01,1128,26),
	('46ba2cd9606f4352b8b90590aba03dfa','1f64c5d4a310499698bf4b875c44650f','双人,A款（浅蓝+浅灰）',2980.80,100,3),
	('46df9b24ec1e4df6a56d08ed146778af','d82b4410735940f39a9b3ce670b100f6','薄荷67%-80克',52.00,500,1),
	('483a0de310d3408db3a2c9a06c1c78c3','8d1c8f183a4c406397a42258b2ee24d7','半干起泡酒',300.00,10000,0),
	('48527b4a9f824bac9c34aafccb7eecb3','1f64c5d4a310499698bf4b875c44650f','双人,A款（深灰+浅灰）',2980.80,100,2),
	('48fe15bcd6b64a7cb97fb9f97f179b5a','888b00a53dc844eb81493354939b0e0b','陶瓷白4GB+64GB',2758.00,888,5),
	('49481ea708044f05a0d6beaf4dbb1716','7482a5a7f5f34cf9aaa56d54bc950d16','半甜红葡萄酒',2000.00,2000,0),
	('4a97720544544de1bdb64fada3b621a2','210d59848d2a4f848c5c3c6556732cfb','4G全网通,月光银,64G',1088.00,1000,0),
	('4a9d8ae837ec46ba9e64ef3d6198d06f','78e8cb326a8c4a7bb74f33e299154f5d','礼盒装32粒/盒250g',220.00,110,0),
	('4b4f934f2c5541268fcce8fbeb24cd91','888b00a53dc844eb81493354939b0e0b','黑色6GB+128GB',3588.00,888,7),
	('4bb76004417c46f78ccef20c280eedae','3a71bfbef57a465783727743912db377','白色,L',89.00,100,2),
	('4c3820ed1291457b8b42c6462a30e8bd','8d1c8f183a4c406397a42258b2ee24d7','半甜桃红气泡酒',610.00,10000,3),
	('4d68cc6f418c45b08e77a9ca51ca154a','b4c6f995113c4b788979076c96059ed3','抹茶2盒+黑巧1盒',39.00,100,5),
	('4d71c21ff4534dd2a1c1f46acb326880','a77174a95d544bdbae9942d941a8ea5a','奶酪味',9.80,200,1),
	('5007c088759d4f89956302a9c4f256c5','01f9058998cf4d7a8f17e0c33e14553b','3XL,藏青色',459.00,20,9),
	('5050414514b44f53a94fb6e01c877860','1f64c5d4a310499698bf4b875c44650f','多人,A款（深灰+浅灰）',4514.40,100,6),
	('511736328da24d84b6c840d9a046aa35','adfd9081d38347a783d9f08625228d4e','红色,4.5,16g',0.01,1114,14),
	('53172e1ceeb94b4580c68167e60d26af','78e8cb326a8c4a7bb74f33e299154f5d','整箱分享装60粒（5粒/盒X12）',460.00,2000,3),
	('53d0c2cd609847519b793d0957e0a716','56372942013842cd882199572d17cbd3','42,黑色',499.00,20,7),
	('54c3e89067554a728f82f1b49cdb13aa','cf018f743e774be2b32d5084e111e832','48,灰色',1580.00,100,1),
	('55bd16ee18f744f28691c9df77f993ed','3a71bfbef57a465783727743912db377','暗红,L',89.00,100,6),
	('57613266f87b426fb2e4dbf422717f82','36646a8da551482e8710950e6b0fadbf','陶瓷白,256GB',5588.00,100,17),
	('57f768ed63644463a39c99d904662d0b','071972a79097412b881ca6ac0c64f1f4','半甜红葡萄酒',350.00,3000,0),
	('58abb60dfbfd4a52ad45f7ba52b54e04','56372942013842cd882199572d17cbd3','40,黑色',499.00,20,5),
	('58f334f702e042cabf7526cc01f3c9ca','36646a8da551482e8710950e6b0fadbf','钻雕蓝,128GB',4488.00,100,12),
	('59214ecb01554c8f8ff7fa3083cc0b97','adfd9081d38347a783d9f08625228d4e','白色,5.2,16g',0.01,1122,20),
	('59bcb5d550604a30b821c20fc291c4d1','36646a8da551482e8710950e6b0fadbf','玫瑰金,128GB',4488.00,100,6),
	('5c353434c9364ea69732965cd38f0cf8','cd34d6ce70c546af899ea176cb2be9cf','明治黑色巧克力味1盒120g26枚',28.00,150,0),
	('5e26f0757d444461918a6c141ecaa9fa','36646a8da551482e8710950e6b0fadbf','陶瓷白,64GB',3988.00,100,16),
	('5e6d1411eb7b487899e3c1921c8a6fe3','36646a8da551482e8710950e6b0fadbf','玫瑰金,64GB',3988.00,100,7),
	('5eda162290f542ff98ef420b6e3fd90c','adfd9081d38347a783d9f08625228d4e','白色,4.0,64g',0.01,1126,24),
	('5f4f33a262eb4d85bac194e052957fd2','36646a8da551482e8710950e6b0fadbf','亮黑,128GB',4488.00,100,18),
	('600a7d27f4834b91bfe45aca17add7aa','78124781690041d79cc44f39d32057bb','芥末黄',3580.00,100,1),
	('6071fa019fc94fa0a5246122ead6b0de','d82b4410735940f39a9b3ce670b100f6','礼盒-新翠绿丛林-4x80克',179.00,500,0),
	('619df80dd50142c6b5c32344fc3b438e','588a36ece2c14028a09b99f0287e4be9','红色,4.5',0.01,1,3),
	('64b603504d4044c186dc55c8af82946b','36646a8da551482e8710950e6b0fadbf','钻雕蓝,64GB',3988.00,100,13),
	('665f012e89bc41168b4c57aa5e1e0d9e','8bd54a17f4404271adf48cf72eba5e0a','50%水果果仁750g',43.90,599,0),
	('66a12dfeef81466fbccc454e1df98e33','627f21ccf893421ead0be760f9f8c01d','SI/小瑕,F-G/优白,30分',0.02,20,2),
	('67df2cf8016e4cdca76c54e4edd2cf0d','adfd9081d38347a783d9f08625228d4e','白色,4.5,64g',0.01,1123,21),
	('689ed6d35863422b89775b4e88726a9f','b4c6f995113c4b788979076c96059ed3','抹茶3盒',39.00,100,2),
	('69050d12f98549f2be0c8185f10e1471','4efc77a0cccb49ee876f3226d34a5336','双位+左贵妃 2.75米免安装,米黄色',2373.60,100,0),
	('6948b2359415459cb09c71086c648d1b','adfd9081d38347a783d9f08625228d4e','白色,5.2,128g',0.01,1119,19),
	('6b5cb811cac245d7a479b3fde63eccf4','05b87c4206da4c8e81ae774317248725','苍穹灰,64G',3099.00,333,2),
	('6dce25a356ac476aacdbe82a8a3293c9','8dec8e0bdfb64457b61346cf3a93927b','24粒 盒装',69.00,120,0),
	('6ddcd94d613a48cfb35c34e9e52d2be7','627f21ccf893421ead0be760f9f8c01d','SI/小瑕,F-G/优白,1克拉',0.20,200,3),
	('6e5daade8cd54d74b29caa90abd3aff1','78e8cb326a8c4a7bb74f33e299154f5d','精装礼盒16粒/盒120g',180.00,110,2),
	('6e66707e7297441bb5d510e3cf016b20','2646dd5d556d4c12a7f598ec77838803','组装,白洞170*90*35',4046.40,100,0),
	('6fbc732a51804024a712176780bf507a','05b87c4206da4c8e81ae774317248725','月光银,128G',3499.00,222,1),
	('737796f42f0e496aaf9518ad2dbf6eef','36646a8da551482e8710950e6b0fadbf','亮黑,256GB',5588.00,100,20),
	('7767c09df11f4431a09a057a022f14e7','888b00a53dc844eb81493354939b0e0b','香槟金6GB+128GB',3448.00,888,0),
	('783709b5c1a14604aa6a36fd5b144854','92eaf578edd44d8095807f8366c4371a','金色',4000.00,1000,1),
	('7a00c2ccb6a74f4f8878fb2a2cb96d6d','640554e89f144d61916f4c7660cad5e7','黑色,64G',5880.00,5555,4),
	('7abe3d7e2cf343f283948822e240bda4','64d376d0f6574ef7b0a8290f5a0d12fd','M,蓝色',645.00,50,1),
	('7b82039d062c445080badd6a1566ee43','b92420d6b2484b778e8b2829955a5dfa','单人位（胡桃色）',2373.75,100,1),
	('7d4601e3bdb946fc8fa84759c32c929e','b4c6f995113c4b788979076c96059ed3','黑巧2盒+白巧1盒',39.00,100,7),
	('7de521d565004fddb5287b103aaa6cfc','210d59848d2a4f848c5c3c6556732cfb','4G全网通,香槟金,128G',1388.00,1000,3),
	('7eaed5b767ef4239978b6acb51db2586','e085bde73f9c4e1f910a62504491882a','玫瑰金色,32GB',4588.00,100,2),
	('7f16ada6a9594f8b8c0baca619f60f0f','0fedfcb7202b4fe6bf563f6c2e91cdc8','钻雕蓝,128GB',3988.00,100,1),
	('7fcaa4127f8545bb842a36152f1dbeae','b04e57c3bc76406a9e9f4ad7f49d595b','1.5m（5英尺）床,灰色',790.00,100,1),
	('8012ca51b3cb4ae3b1a23205f3a8cead','56372942013842cd882199572d17cbd3','42,藏蓝',499.00,20,6),
	('807f0f1bb8c14744b3d801de73a3e67b','d06bc72e19df4e6b804c84282b224ace','1.5m（5英尺）床,淡紫',699.00,200,1),
	('8265a70758d543368a2e41c4af25d1a1','57d4ff1c49de4907b75ccdca01da0906','玫瑰金,64GB',2499.00,100,3),
	('830bbfcbabe240d1b361c6bdfa35b4e9','b4c6f995113c4b788979076c96059ed3','白巧3盒',39.00,100,1),
	('83fb1f1251314e2faa65b8f967dba13e','85c2fa625f6845949a32a673c676f015','XS',645.00,20,0),
	('851bf5cca84741edb080d2023a22f3e4','bb021b7d26ce4015a0117bbc46ca6d0d','黑色,5.0',1.00,11,0),
	('853d3315b69949deafac553d3de6fd04','92eaf578edd44d8095807f8366c4371a','深空灰',3878.00,1000,0),
	('85a78691785c4832876987e444deb653','640554e89f144d61916f4c7660cad5e7','金色,128G',6288.00,3333,2),
	('85c847e9f80646cb908328dd20ed1845','05b87c4206da4c8e81ae774317248725','苍穹灰,128G',3499.00,444,3),
	('87b9970ca94e49f1aae99c6d415d7577','1f64c5d4a310499698bf4b875c44650f','三人,A款（浅蓝+浅灰）',3844.80,100,5),
	('884c3d9142c4480e8a129f52d3efda79','36646a8da551482e8710950e6b0fadbf','陶瓷白,128GB',4488.00,100,15),
	('8b89e85861b14dd0a887564f37f1edcf','640554e89f144d61916f4c7660cad5e7','金色,32G',5680.00,1111,0),
	('8b921d91ad6247449b0d718eea044956','8d1c8f183a4c406397a42258b2ee24d7','布鲁特干白起泡酒',600.00,10000,2),
	('8d11b3c0705d4f2d973d04d43e7244dc','e085bde73f9c4e1f910a62504491882a','金色,128GB',5788.00,100,1),
	('8d85e24aeea147ab8d39b283c1c99a43','ea0cfa66331f41ec81dc4c17106e9c36','L',1420.00,10,2),
	('8d8baf51cd1b4814b7deadd38340aba1','47560d41556c4c96b14f7d1d98936f16','谜夜黑,64G',5688.00,222,1),
	('909c18bc190d41f79d48d7e073edc0e3','cf018f743e774be2b32d5084e111e832','58,灰色',1580.00,100,6),
	('92055d3c773b48d893e3cc7b42700ff0','0fedfcb7202b4fe6bf563f6c2e91cdc8','玫瑰金,64GB',3488.00,100,6),
	('92432b30658d4f4d9521cc1fd457008d','cf018f743e774be2b32d5084e111e832','54,灰色',1580.00,100,4),
	('92c68dd5f8bc43489bd1b27cea3aa58d','0fedfcb7202b4fe6bf563f6c2e91cdc8','钻雕蓝,64GB',3488.00,100,0),
	('940d98e46ac34a87aa867c2c7be795f4','adfd9081d38347a783d9f08625228d4e','红色,4.5,64g',13.00,1112,12),
	('945cbc9db1ab45b4a8a5f11b97c5a245','8d1c8f183a4c406397a42258b2ee24d7','半甜起泡酒',550.00,10000,1),
	('96ad42df10bb4f0aac72c000487c2c74','640554e89f144d61916f4c7660cad5e7','玫瑰金,32G',5680.00,7777,6),
	('9775028c175f429a9110d25762caec55','d06bc72e19df4e6b804c84282b224ace','1.5m（5英尺）床,淡蓝',699.00,200,0),
	('97ae990c28a0467ba9958e0320add31a','adfd9081d38347a783d9f08625228d4e','红色,5.2,16g',12.00,1111,11),
	('9831bfe8761c4738bc35c69423e51ab6','adfd9081d38347a783d9f08625228d4e','红色,5.2,64g',10.00,888,9),
	('988dbe6a0aeb414bab60fcd97efbab8a','640554e89f144d61916f4c7660cad5e7','玫瑰金,128G',6288.00,9999,8),
	('9897c0aaf1d044f68a90313db35e0b79','b04e57c3bc76406a9e9f4ad7f49d595b','1.5m（5英尺）床,白色',790.00,100,0),
	('98cfd67677024270a3c775744dd0e11a','36646a8da551482e8710950e6b0fadbf','钻雕金,256GB',5588.00,100,5),
	('9a2313849bb54ec7b4531f76f6fff063','3a71bfbef57a465783727743912db377','暗红,S',89.00,100,4),
	('9a5ee567267248339e1f56240e682fe6','05b87c4206da4c8e81ae774317248725','黑色,128G',3499.00,666,5),
	('9a6c25b4923f4b72ae8f99a912db1a49','3a71bfbef57a465783727743912db377','白色,XL',89.00,100,3),
	('9a94b49f6fa4488b84e02e5e31af5176','01f9058998cf4d7a8f17e0c33e14553b','XL,黑色',459.00,20,4),
	('9b08aa5eca694cc387e14e4eab3e3b09','4efc77a0cccb49ee876f3226d34a5336','双位+左贵妃 2.75米免安装,香槟金',2373.60,100,1),
	('9ba43c8bb80c437e8e3c31a432c2ca57','980e6d2e32e04e84afb593e34cbab5e3','38',480.00,20,0),
	('9c970b9413ff43128b7dff6d4eb247cb','bb021b7d26ce4015a0117bbc46ca6d0d','黑色,4.0',2.00,22,1),
	('9cd1fd0173d845d886f197cab2504766','78e8cb326a8c4a7bb74f33e299154f5d','袋装19粒/袋150g',120.00,110,1),
	('9db7f4a7cd1b4bd18ef95e94c03e4666','980e6d2e32e04e84afb593e34cbab5e3','42',480.00,20,2),
	('9ebfc3a5571446c1a9e4f705a147d24c','888b00a53dc844eb81493354939b0e0b','摩卡金4GB+64GB',2978.00,888,4),
	('9f636f1db34d4744a800d1aa1ff85bd3','0fedfcb7202b4fe6bf563f6c2e91cdc8','陶瓷白,128GB',3988.00,100,9),
	('a06c174df6e64d83b0d40888c2faab75','8e579d72fd024e23871b37a97bc67991','蓝罐（含夏威夷果）',179.00,2899,2),
	('a12b3e3f5e0149c29cc009811c2ac568','2646dd5d556d4c12a7f598ec77838803','组装,白洞130*80*35',3231.20,100,2),
	('a3a0f1e17f744514b65be4b94a75cb15','36646a8da551482e8710950e6b0fadbf','曜石黑,128GB',4488.00,100,9),
	('a54f5d30a3924ee489e88a4d03484f7a','ea0cfa66331f41ec81dc4c17106e9c36','XXL',1420.00,10,3),
	('a5d14888875b4bc1bd2674e069c1893d','daff6ee0423846b5b62abf46357c6428','干白葡萄酒',450.00,5000,0),
	('a67d878124254205aa16b81a29c60cc3','66fc5e94005548f3a5c73eaef4e56c72','M,白色',290.00,50,4),
	('a79d3143587442919fc3cd3aed6cba99','b4c6f995113c4b788979076c96059ed3','白巧+黑巧+抹茶',39.00,100,0),
	('a8690768f093481f84804ad4fe9ce518','888b00a53dc844eb81493354939b0e0b','月光银4GB+32GB',2818.00,888,6),
	('a8c3009a74b44388ae79629c1ea60fff','56372942013842cd882199572d17cbd3','38,黑色',499.00,20,3),
	('a9a5d6e3c49a465d92df0d2be723c88f','8d1c8f183a4c406397a42258b2ee24d7','萨佩拉维起泡酒',300.00,10000,4),
	('a9a7107401da46f4b83ad3f2c4c69a8e','01f9058998cf4d7a8f17e0c33e14553b','XL,藏青色',459.00,20,5),
	('ab5a783f2ca646fb864ed933ea9d7112','36646a8da551482e8710950e6b0fadbf','草木绿,256GB',5588.00,100,2),
	('abe1724e035f4cf491fc72a484f0888e','cd34d6ce70c546af899ea176cb2be9cf','明治牛奶巧克力味1盒120g26枚',28.00,150,2),
	('aca278803be740179aacc1aa833fc6bc','627f21ccf893421ead0be760f9f8c01d','SI/小瑕,D-E/极白,1克拉',0.10,100,1),
	('acbcc8d2ac4c4922b7b1f488a58174f9','3c3b820137a7454081a905e2ce8cfd92','干红葡萄酒',168.00,10000,0),
	('acf846ad781649789673cae7f7031945','26818275d2094dc2982437e12dd5fa4b','Classic经典葡萄酒',170.00,10000,0),
	('ae089bd5a6034f50b7cc91050637da43','b92420d6b2484b778e8b2829955a5dfa','单人位（原木色）',2373.75,100,0),
	('af820aaa07f5459a820ec6fcaae51311','822d3e73aed44741a8f695fa0db0e1a7','干红葡萄酒',168.00,10000,0),
	('b1df0070e43d4cff808489485aad4549','01f9058998cf4d7a8f17e0c33e14553b','3XL,黑色',459.00,20,8),
	('b2a6aa7ad5c643bf8f04294bfb374300','0fedfcb7202b4fe6bf563f6c2e91cdc8','玫瑰金,128GB',3988.00,100,7),
	('b493d537df1d46e284d04f2ca1474437','94f7fcb254f64fb6b1ff9e2081b2ccf0','曜石黑',2399.00,500,1),
	('b574c74386a147d0a153f175b4c8ad64','85c2fa625f6845949a32a673c676f015','M',645.00,20,2),
	('b5a40a317ce74d4fbc74466dc7b7f473','a77174a95d544bdbae9942d941a8ea5a','抹茶味',9.80,200,0),
	('b679869b00e5452da3abe9ef9011bce3','cd34d6ce70c546af899ea176cb2be9cf','明治牛奶巧克力味2盒120g',55.00,150,3),
	('b6bdf5b1bd5c45239afe022d5de4e3a0','8e641b8d6fca41d5b113c8cb745a3f85','1.5m（5英尺）床',999.00,2000,0),
	('b7bdd88aeb2c481db69f1d43e8a47bbf','66fc5e94005548f3a5c73eaef4e56c72','L,白色',290.00,50,6),
	('b7f5a558530a49f782cfbacc1fe687d7','8771a856aecf4c0293e3a5eba79a2725','餐桌+4椅',4672.50,100,2),
	('ba5673b1d4664a82b824de3a5436f69c','a77174a95d544bdbae9942d941a8ea5a','果粒味',9.80,200,2),
	('ba8ee704da704088821b41b46ab21d61','8771a856aecf4c0293e3a5eba79a2725','餐桌',2372.50,100,0),
	('baccd0c37e104f66806107fd381db365','3a71bfbef57a465783727743912db377','藏青,S',89.00,100,8),
	('bcd16275640640c8a31fb069c2d9444f','627f21ccf893421ead0be760f9f8c01d','VS/微瑕,F-G/优白,30分',0.04,40,6),
	('bd85ce03f91a424d8a77e963f37a5906','adfd9081d38347a783d9f08625228d4e','黑色,5.2,16g',3.00,333,2),
	('bdaaa4efa8bb4823b84a066c10a11da7','d06bc72e19df4e6b804c84282b224ace','1.8m（6英尺）床,淡蓝',699.00,200,2),
	('bf27b78c831f456b87da56bc5d75afd5','0fedfcb7202b4fe6bf563f6c2e91cdc8','草木绿,64GB',3488.00,100,10),
	('bfefb4be91134f8d90f436424e40a196','980e6d2e32e04e84afb593e34cbab5e3','40',480.00,20,1),
	('c04eda6d3a30498b82486f1ecb473583','38c3408d545c4ef983f62be531bf2b0f','半甜红',200.00,20000,0),
	('c10fe2830ab940ecb73d9e37c9cf4ed5','36646a8da551482e8710950e6b0fadbf','草木绿,64GB',3988.00,100,1),
	('c14f40bb3fc04dbc9416b562b908e5a5','64d376d0f6574ef7b0a8290f5a0d12fd','S,蓝色',645.00,50,0),
	('c31c1ad1fb8f4db6a582a565f43e3c89','1f64c5d4a310499698bf4b875c44650f','三人,A款（深灰+浅灰）',3844.80,100,4),
	('c554c96883884f989cea3a881b0b9b1f','ac685d5918df4bc1bfe2a08a7eed0bd0','奶油味',19.90,100,0),
	('c5577c1de3054120b2895d2654346de5','81e9428af9dd46b88dcff4ed9eaeb8fe','美码S,黑色',498.00,10,0),
	('c599fdf2fb7741ac91133e67f4449106','0fedfcb7202b4fe6bf563f6c2e91cdc8','曜石黑,128GB',3988.00,100,5),
	('c5e2d3abab7f4c149c8b52f66f4ffb33','36646a8da551482e8710950e6b0fadbf','钻雕蓝,256GB',5588.00,100,14),
	('c6db2b965ca64be18193700e64161d6d','94f7fcb254f64fb6b1ff9e2081b2ccf0','流光金',2399.00,500,0),
	('c6e51f4d9f15452abe38467403d2f30a','01f9058998cf4d7a8f17e0c33e14553b','2XL,藏青色',459.00,20,7),
	('c7809cf05aa14009b6adcb1f021f5b23','adfd9081d38347a783d9f08625228d4e','黑色,4.5,64g',4.00,444,3),
	('c7a16c7f26314c048a5caa6dd193e4ca','3a71bfbef57a465783727743912db377','白色,S',89.00,100,0),
	('c83e6038a5c94390aa2fc8b13b137360','6f5aa5a537b746d0919f971cb1f93676','750ml,750ml',286.00,500,0),
	('cc77f70854e84889945205038d8c512f','05b87c4206da4c8e81ae774317248725','月光银,64G',3099.00,111,0),
	('cd1ece208de540da8dab04a4add70556','66fc5e94005548f3a5c73eaef4e56c72','M,天蓝色',290.00,50,5),
	('cd80fc8808574543b3ae50a753965774','8771a856aecf4c0293e3a5eba79a2725','餐桌+6椅',5047.50,100,3),
	('cd89f5059e1a4389a800567aedd696d2','ea0cfa66331f41ec81dc4c17106e9c36','S',1420.00,10,0),
	('ce39232850f64b6cb7e96aa9f3bdebbb','7482a5a7f5f34cf9aaa56d54bc950d16','半甜干葡萄酒',2000.00,2000,1),
	('ceb08ccb585849948d719303ce6726e8','640554e89f144d61916f4c7660cad5e7','金色,64G',5880.00,2222,1),
	('d0c6fb38864d46d68712e180133a1ba7','627f21ccf893421ead0be760f9f8c01d','VS/微瑕,D-E/极白,30分',0.03,30,4),
	('d20433768fb441f4a54252053250b086','adfd9081d38347a783d9f08625228d4e','黑色,4.5,128g',5.00,555,4),
	('d225df060f6e4fefac13b4e54f8223c2','b04e57c3bc76406a9e9f4ad7f49d595b','1.8m（6英尺）床,灰色',790.00,100,3),
	('d43ecfbe7c2944f0b8132c2e580c0fb4','cf018f743e774be2b32d5084e111e832','56,灰色',1580.00,100,5),
	('d5843a86d7bd4163880e5ca1c7f77c0c','bb021b7d26ce4015a0117bbc46ca6d0d','红色,5.0',3.00,33,2),
	('d879e1b6fe6d4abba70c3692face8524','36646a8da551482e8710950e6b0fadbf','钻雕金,64GB',3988.00,100,4),
	('da695926bab04ce38d4475bfe70e457f','888b00a53dc844eb81493354939b0e0b','苍穹灰4GB+32GB',2818.00,888,8),
	('dad353e2cce24b959dd0cd189de948b9','5ac74d5f07ef400b8382e9ba54ca1e47','10.5英寸',5188.00,100,0),
	('db3b12d31d4747fa8f5db8910354f073','1f64c5d4a310499698bf4b875c44650f','单人,A款（浅蓝+浅灰）',2371.68,100,1),
	('db768dede8ca44fab4d3b3f6232c8ab3','55a635adda1048248afcc25f7f8cd4c1','半甜红葡萄酒',560.00,10000,0),
	('dc11a96056df466ea0a3c48275782728','cf018f743e774be2b32d5084e111e832','52,灰色',1580.00,100,3),
	('dcd42fcb0393481b85b50824143ede72','05b87c4206da4c8e81ae774317248725','黑色,64G',3099.00,555,4),
	('dd54f2ce4c1842b18a66fa4af7b47f66','888b00a53dc844eb81493354939b0e0b','陶瓷白6GB+128GB',3448.00,888,2),
	('de3a22fb049d44e4a6a0f85502c072e3','493373a36d9a431fbe1306682ee154d7','干红葡萄酒',3000.00,300000,1),
	('e0177350820b4fe6900b149b27e6f346','0fedfcb7202b4fe6bf563f6c2e91cdc8','陶瓷白,64GB',3488.00,100,8),
	('e026de36ca3547cc855cf0e381ac5755','adfd9081d38347a783d9f08625228d4e','红色,4.0,64g',0.01,1115,15),
	('e106f5f4e6c948caa8ee0f68d40a8442','56372942013842cd882199572d17cbd3','36,藏蓝',499.00,20,0),
	('e1f87bc173584350bb230ac836889593','b4c6f995113c4b788979076c96059ed3','抹茶2盒+白巧1盒',39.00,100,4),
	('e2739179b8b3477c864c371e612b7883','b4c6f995113c4b788979076c96059ed3','白巧2盒+黑巧1盒',39.00,100,6),
	('e27899b7e64f42d7abaffbbc68cb0c81','7eb0c24106514e02be09c27f0b5f6f81','白巧克力味',5.80,50,0),
	('e29b85571a984410a79aab0f01a57c27','8e579d72fd024e23871b37a97bc67991','绿罐（含开心果）',149.00,3526,1),
	('e3146275605b421d8b304d60332cffd0','adfd9081d38347a783d9f08625228d4e','黑色,5.2,128g',2.00,222,1),
	('e3d0812bdd2146169f846dfcd52d28f2','85c2fa625f6845949a32a673c676f015','L',645.00,20,3),
	('e3e050f926f641a08ec04e200b559f6d','2646dd5d556d4c12a7f598ec77838803','组装,白洞150*80*35',3481.60,100,1),
	('e64c3ab8a55545d0bf7ac6206b5c7006','b92420d6b2484b778e8b2829955a5dfa','双人位（胡桃色）',3123.75,100,3),
	('e80ec57ac984403a9472857d010c1c95','0fedfcb7202b4fe6bf563f6c2e91cdc8','草木绿,128GB',3988.00,100,11),
	('e87bd6bed85d410f8a8c7a98ebe551b1','d30970fc41564459b0c33e6348a8e81f','1.8m（6英尺）床',2899.00,1000,1),
	('ea0e01c628e0445aa5b403390a628213','3a71bfbef57a465783727743912db377','白色,M',89.00,100,1),
	('ea291cf301d84c7ea796c206ef07f39e','640554e89f144d61916f4c7660cad5e7','黑色,128G',6288.00,6666,5),
	('ea47dbb9b513499f9404a8adf321e84c','01f9058998cf4d7a8f17e0c33e14553b','L,黑色',459.00,20,2),
	('ea6bf89f28d147819452b8bed68821c3','8bd54a17f4404271adf48cf72eba5e0a','45%水果麦片750g',41.90,599,1),
	('eb5ece3886114359b5c097fb7487ee23','36646a8da551482e8710950e6b0fadbf','草木绿,128GB',4488.00,100,0),
	('ec71bd945e7443a7bc2cf7645a9bdeda','8771a856aecf4c0293e3a5eba79a2725','椅子',597.50,100,1),
	('edfa19b1bce0445f9588e456166eee3a','2f4da1f42c8541208bec5f88f7c972d4','半甜干葡萄酒',450.00,10000,1),
	('ee2ee5f22e524cad8afa629be8c995fb','0fedfcb7202b4fe6bf563f6c2e91cdc8','曜石黑,64GB',3488.00,100,4),
	('eeb31a6142ac4b13b06a1d70a50e79f1','888b00a53dc844eb81493354939b0e0b','香槟金4GB+64GB',2978.00,888,3),
	('ef026bd27c2a4e6fa719209a65806708','8e641b8d6fca41d5b113c8cb745a3f85','1.8m（6英尺）床',999.00,2000,1),
	('f134283102524329bb1431f96aa53d86','3a71bfbef57a465783727743912db377','暗红,M',89.00,100,5),
	('f3e6ede6fd414a95bcde2b792b6f1dc1','1f64c5d4a310499698bf4b875c44650f','其他,A款（浅蓝+浅灰）',4708.80,100,9),
	('f5059a5e66f24dba80b8ac14bc167dd6','66fc5e94005548f3a5c73eaef4e56c72','L,天蓝色',290.00,50,7),
	('f60053292c5a46ebab6c7633e5be70a2','1b900354c9314caca37c98a9412d9ab6','干白',1286.00,500,1),
	('f65bf70b6fd9474baa44342d79e9b9c9','1f64c5d4a310499698bf4b875c44650f','其他,A款（深灰+浅灰）',4708.80,100,8),
	('f66a51c4134f4324a970e3dc1b25bbbb','36646a8da551482e8710950e6b0fadbf','亮黑,64GB',3988.00,100,19),
	('f6865a02b3314041922c277aaa53511d','8e579d72fd024e23871b37a97bc67991','红罐（含花生）',128.00,3500,0),
	('f7f74a14409244808a430de0aac877b7','e085bde73f9c4e1f910a62504491882a','玫瑰金色,128GB',5738.00,100,3),
	('f80590792e484f868f963f06a8ff1420','adfd9081d38347a783d9f08625228d4e','白色,5.2,64g',0.01,1118,18),
	('f882be4239e14c529b81eaf55bec6184','36646a8da551482e8710950e6b0fadbf','曜石黑,64GB',3988.00,100,10),
	('f95f0e28c4954fd1af3bc3c4243efdac','01f9058998cf4d7a8f17e0c33e14553b','M,黑色',459.00,20,0),
	('f9dd053ed38d48e882eb71e71a385ddf','ea0cfa66331f41ec81dc4c17106e9c36','M',1420.00,10,1),
	('fa57b933fcc54ebab30d53533abd46b2','85f4d1b7430046a6943d8d3fac5f2847','干红葡萄酒',268.00,200000,0),
	('faa831debff04b2a941e08ab90f6e352','d82b4410735940f39a9b3ce670b100f6','巴拿马80%-80克',52.00,500,2),
	('fadc66e594f648c99b118459403f79d7','adfd9081d38347a783d9f08625228d4e','白色,4.0,128g',0.01,1127,25),
	('fbdd2eeec5f0403684c92ee1f518c894','78124781690041d79cc44f39d32057bb','玫瑰粉',3580.00,100,0),
	('fc1166f731e7453baad2e365d2d6bd26','adfd9081d38347a783d9f08625228d4e','黑色,4.5,16g',6.00,0,5),
	('fc41dc10eceb4db3becde4b2a60fb801','57d4ff1c49de4907b75ccdca01da0906','草木绿,64GB',2499.00,100,0),
	('fca677189cb6464e83337b06a9976df8','1b900354c9314caca37c98a9412d9ab6','干红',1198.00,500,0),
	('fd328f591e6a4b49a15be4b038f4e8f7','adfd9081d38347a783d9f08625228d4e','红色,4.0,128g',0.01,1116,16),
	('fd7b77554fbb43678c2ad9e75a0cfaf1','b92420d6b2484b778e8b2829955a5dfa','双人位（原木色）',3123.75,100,2),
	('fe251f0fa939495d87992132cf7f55c2','01f9058998cf4d7a8f17e0c33e14553b','L,藏青色',459.00,20,3),
	('fe28c7bffe90417cbbc25692add2336e','210d59848d2a4f848c5c3c6556732cfb','4G全网通,月光银,128G',1388.00,1000,1),
	('ff12fe0303294fd3b3da113f67ac89e9','640554e89f144d61916f4c7660cad5e7','银色,32G',5680.00,1234,9),
	('ff37a28b28fc43efbf496fc44c3c9f2a','66fc5e94005548f3a5c73eaef4e56c72','XL,白色',290.00,50,8),
	('ff92c0e660b94c6ab61ef6d49eea86e1','adfd9081d38347a783d9f08625228d4e','黑色,5.2,64g',1.00,111,0);

/*!40000 ALTER TABLE `shop_attribute_detail` ENABLE KEYS */;
UNLOCK TABLES;


# Dump of table shop_banner
# ------------------------------------------------------------

DROP TABLE IF EXISTS `shop_banner`;

CREATE TABLE `shop_banner` (
  `banner_id` varchar(255) NOT NULL,
  `ban_img` varchar(255) DEFAULT NULL,
  `url` varchar(255) DEFAULT NULL,
  `sort` int(11) DEFAULT NULL,
  `type` int(11) DEFAULT NULL,
  `status` int(11) DEFAULT NULL,
  PRIMARY KEY (`banner_id`)
) ENGINE=InnoDB DEFAULT CHARSET=utf8;

LOCK TABLES `shop_banner` WRITE;
/*!40000 ALTER TABLE `shop_banner` DISABLE KEYS */;

INSERT INTO `shop_banner` (`banner_id`, `ban_img`, `url`, `sort`, `type`, `status`)
VALUES
	('0cb0c9761b664d83a22a8f2a326b3fd8','/mallupload/1507619260529.png','#',3,NULL,NULL),
	('5d4181d8323944f8a21052a552b3da03','/mallupload/1507619317719.png','#',1,NULL,NULL),
	('f25de80d3dcd418f84dd6bf91b9ce002','/mallupload/1507619300255.png','#',2,NULL,NULL);

/*!40000 ALTER TABLE `shop_banner` ENABLE KEYS */;
UNLOCK TABLES;


# Dump of table shop_cart
# ------------------------------------------------------------

DROP TABLE IF EXISTS `shop_cart`;

CREATE TABLE `shop_cart` (
  `cart_id` varchar(100) NOT NULL,
  `goods_id` varchar(255) DEFAULT NULL COMMENT '商品id',
  `goods_name` varchar(255) DEFAULT NULL,
  `goods_pic` varchar(255) DEFAULT NULL,
  `goods_price` decimal(10,2) DEFAULT NULL,
  `addtime` varchar(255) DEFAULT NULL COMMENT '加入购物车时间',
  `user_id` varchar(255) DEFAULT NULL COMMENT '用户id',
  `goods_count` varchar(255) NOT NULL COMMENT '商品数量',
  `attribute_detail_id` varchar(255) DEFAULT NULL COMMENT '属性id',
  `attribute_detail_name` varchar(255) DEFAULT '' COMMENT '属性名称',
  PRIMARY KEY (`cart_id`)
) ENGINE=InnoDB DEFAULT CHARSET=utf8;

LOCK TABLES `shop_cart` WRITE;
/*!40000 ALTER TABLE `shop_cart` DISABLE KEYS */;

INSERT INTO `shop_cart` (`cart_id`, `goods_id`, `goods_name`, `goods_pic`, `goods_price`, `addtime`, `user_id`, `goods_count`, `attribute_detail_id`, `attribute_detail_name`)
VALUES
	('55e31569a2d74ad1ba46ab80c23bc718','05b87c4206da4c8e81ae774317248725','Huawei/华为 Mate 9商务手机正品mate9','/mallupload/1500608478653.png',3099.00,'2017-07-26 17:25:36','dc4c0243eb694bbf9ece88b715460998','1','6b5cb811cac245d7a479b3fde63eccf4','苍穹灰,64G'),
	('9238f670152f46288f24974098562c1f','588a36ece2c14028a09b99f0287e4be9','苹果手机多规格测试','/mallupload/1499490812463.png,',0.01,'2017-07-20 16:58:20','dc4c0243eb694bbf9ece88b715460998','2','1442e3a1e21942828627b08bc415a916','红色,5.0'),
	('a59dba89f91b4773832ea62a2551ffcf','05b87c4206da4c8e81ae774317248725','Huawei/华为 Mate 9商务手机正品mate9','/mallupload/1500608478653.png',3499.00,'2017-07-26 17:25:39','dc4c0243eb694bbf9ece88b715460998','2','6fbc732a51804024a712176780bf507a','月光银,128G'),
	('ae6ef4b0e0c640a49aa9655f7c917aab','071972a79097412b881ca6ac0c64f1f4','KHVANCHKARA 赫万奇卡拉','/mallupload/1507634731184.png,',350.00,'2017-10-21 11:36:16','288b3af8499e4743b229af58519df2ee','1','57f768ed63644463a39c99d904662d0b','半甜红葡萄酒'),
	('b8dfa07eb9f747c3a1a8e645b3a8a2a3','071972a79097412b881ca6ac0c64f1f4','KHVANCHKARA 赫万奇卡拉','/mallupload/1507634731184.png,',350.00,'2017-10-21 19:09:16','cdf314b62bf94504bb4d224af3eb6659','1','57f768ed63644463a39c99d904662d0b','半甜红葡萄酒'),
	('d6c8ced736b441b18e5a2cd360b047e9','511f7626ad3e45e69a543d9af5dfb2dd','谷笑爷坚果麦片早餐冲饮混合谷物水果仁燕麦营养即食免煮进口食品','/mallupload/1507777776378.png',49.00,'2017-10-14 17:00:22','0d19759dfce64a7b89f781b547327d78','4','1',''),
	('da342dfd0e9b4c65a763ca9ca0e556b8','2646dd5d556d4c12a7f598ec77838803','伊朗天然白洞石大理石茶几简约现代长方形创意客厅家具','/mallupload/1507721198880.png,',3481.60,'2017-10-14 22:54:52','0d19759dfce64a7b89f781b547327d78','3','e3e050f926f641a08ec04e200b559f6d','组装,白洞150*80*35'),
	('db9cf3d6d2304b9cb0fffae78dd19434','2f4da1f42c8541208bec5f88f7c972d4','PIROSMANI皮罗曼尼','/mallupload/1507635440535.png',420.00,'2017-10-21 11:38:13','288b3af8499e4743b229af58519df2ee','1','1affba738a5745f0ac84750023d8db9a','半甜红葡萄酒'),
	('fa521c557f59492ea978de47b31ad5e2','071972a79097412b881ca6ac0c64f1f4','KHVANCHKARA 赫万奇卡拉','/mallupload/1507634731184.png,',350.00,'2017-10-13 15:01:59','57df9c2f9ee74a558d8b7cabbc4eeb14','1','57f768ed63644463a39c99d904662d0b','半甜红葡萄酒');

/*!40000 ALTER TABLE `shop_cart` ENABLE KEYS */;
UNLOCK TABLES;


# Dump of table shop_category
# ------------------------------------------------------------

DROP TABLE IF EXISTS `shop_category`;

CREATE TABLE `shop_category` (
  `category_id` varchar(255) NOT NULL,
  `category_name` varchar(255) DEFAULT '',
  `category_en_name` varchar(255) DEFAULT NULL,
  `category_img` varchar(255) DEFAULT '',
  `super_id` varchar(255) DEFAULT NULL,
  `sort` int(11) DEFAULT NULL COMMENT '排序',
  PRIMARY KEY (`category_id`)
) ENGINE=InnoDB DEFAULT CHARSET=utf8;

LOCK TABLES `shop_category` WRITE;
/*!40000 ALTER TABLE `shop_category` DISABLE KEYS */;

INSERT INTO `shop_category` (`category_id`, `category_name`, `category_en_name`, `category_img`, `super_id`, `sort`)
VALUES
	('1e42d036c3f447fdbf97643901b74ae8','其它','Other','/duobaoweb/../shopupload/1489650442157.png',NULL,9),
	('23d1ac4886314e17965e9d30d394d7f2','冰箱',NULL,'/mallupload/1500605758788.png','47895fb90c2e4aa09858768ff209dd08',3),
	('34e76e65f4b142a48147bf1d4d38f432','洗衣机',NULL,'/mallupload/1500605769068.png','47895fb90c2e4aa09858768ff209dd08',4),
	('37993cefc5f3494ba2deba7f6c16197f','台式机',NULL,'/mallupload/1500605264848.png','a6c0902d4c9e4ddf9b936c82d9068abc',4),
	('39e4401b36d8459eae9c423290fb358d','翡翠',NULL,'/mallupload/1500605497822.png','89ced6468142429c87f93f82354d56f7',2),
	('408a506213b142b3ae9f39931cde4c11','糕点',NULL,'/mallupload/1507701055143.png','5da332af22154b47bf2b00fb2371dd81',2),
	('43763591b7af439aaa962a014d0241de','iPhone',NULL,'/mallupload/1500604960147.png','736c371501ec40199f1ddc1096a0e809',1),
	('44aad32d0c644918ae2c9e3501f53ba8','游戏本',NULL,'/mallupload/1500605288805.png','a6c0902d4c9e4ddf9b936c82d9068abc',6),
	('49bb29bfb6644550ad98107e6d8898c6','电视',NULL,'/mallupload/1500605741811.png','47895fb90c2e4aa09858768ff209dd08',1),
	('4ae42d06a243487db398cf3fdddfd308','服饰','Clothing','/duobaoweb/../shopupload/1489650415704.png',NULL,6),
	('56d19cc8e40f4543aa3443fb6a12bca1','珠宝','Jewellery','/duobaoweb/../shopupload/1489650407188.png',NULL,5),
	('5c8929df49574fe5a5ece5c9a75f31c5','服装服饰',NULL,'/mallupload/1507618936694.png','0',4),
	('5ca47166c5bb4b198bcc0fbf74c1fc9b','鞋包手袋2',NULL,'/mallupload/1500606193948.png','7335dbf4b9fb4e0dbd7b3b5f126aa74e',2),
	('5d730275aef241e68c249105030e4ce4','女装',NULL,'/mallupload/1507705815490.png','5c8929df49574fe5a5ece5c9a75f31c5',2),
	('5da332af22154b47bf2b00fb2371dd81','食品零食',NULL,'/mallupload/1507617417124.png','0',1),
	('6140a4ec34a14bb8be2e1979e76349f3','水果',NULL,'/mallupload/1500606336090.png','22749db4992e4a1e96bb2b65bdfa1490',1),
	('66531d84401049279f17e498c95628c4','家居家纺',NULL,'/mallupload/1507598843776.png','0',3),
	('736c371501ec40199f1ddc1096a0e809','手机数码',NULL,'/mallupload/1500604675309.png','0',5),
	('73a3512cf40b4963abf088c6e69e9861','国表',NULL,'/mallupload/1500605551685.png','89ced6468142429c87f93f82354d56f7',5),
	('7d807fa04a4e443c81c912b392001247','电烤箱',NULL,'/mallupload/1500605774975.png','47895fb90c2e4aa09858768ff209dd08',5),
	('7da32452361444d99e3e1cc159ecd8ad','男装',NULL,'/mallupload/1507705418153.png','5c8929df49574fe5a5ece5c9a75f31c5',1),
	('7fbf8ab7629e419ca86c45a0a800b335','二合一平板',NULL,'/mallupload/1500605244448.png','a6c0902d4c9e4ddf9b936c82d9068abc',3),
	('82c6233cac364cf7ba7a6684843e790f','吸顶灯',NULL,'/mallupload/1500606198175.png','7335dbf4b9fb4e0dbd7b3b5f126aa74e',3),
	('855dec82fc2f4f1f8d46d6e3450f3485','床垫',NULL,'/mallupload/1500606187791.png','7335dbf4b9fb4e0dbd7b3b5f126aa74e',1),
	('8573222873f24d5f8a9c74b5073ec109','空调',NULL,'/mallupload/1500605751541.png','47895fb90c2e4aa09858768ff209dd08',2),
	('8c69430551b14ecc9f57183b3e49bebb','奢侈品','luxuries','/duobaoweb/../shopupload/1489652943921.png',NULL,2),
	('91be6613c2774203b1edb74d291c5f92','进口酒水',NULL,'/mallupload/1500606016678.png','0',2),
	('966e2606d7c54a32bb7bf48686b20260','葡萄酒',NULL,'/mallupload/1500606039773.png','91be6613c2774203b1edb74d291c5f92',3),
	('984e5567921f4f1e851c8de06a1f0e2b','啤酒',NULL,'/mallupload/1500606034690.png','91be6613c2774203b1edb74d291c5f92',2),
	('9f28fbea3ccf4b659112cc399b4bb59c','华为',NULL,'/mallupload/1500604965904.png','736c371501ec40199f1ddc1096a0e809',2),
	('a22e06127f4d4e489a2b581adced9913','挂钟',NULL,'/mallupload/1500605558976.png','89ced6468142429c87f93f82354d56f7',6),
	('a2b03106bde7453a985967fbd9cf5a65','笔记本',NULL,'/mallupload/1500605229389.png','a6c0902d4c9e4ddf9b936c82d9068abc',1),
	('a86ab063ae604477a4114a1152617493','汽车','automobile','/duobaoweb/../shopupload/1489650433735.png',NULL,8),
	('b36c3a4f6f7d493b92cbd66247155854','肉类',NULL,'/mallupload/1500606342133.png','22749db4992e4a1e96bb2b65bdfa1490',2),
	('b536f3402109483ebaab287dbfe47489','电器','Electric Appliances','/duobaoweb/../shopupload/1489650392984.png',NULL,4),
	('b67f1ed0e401462eb29d7d2ea72c7e48','家具',NULL,'/mallupload/1507711256258.png','66531d84401049279f17e498c95628c4',2),
	('bcaf1e20a5ef4a1c8e0c0710ffd9b41b','钻石',NULL,'/mallupload/1500605485484.png','89ced6468142429c87f93f82354d56f7',1),
	('c10313659c7a47cfac1327aaff7c8970','海鲜水产',NULL,'/mallupload/1500606347365.png','22749db4992e4a1e96bb2b65bdfa1490',3),
	('c2c24338b14f48228fa6e103c34ea265','床上用品',NULL,'/mallupload/1507710388873.png','66531d84401049279f17e498c95628c4',1),
	('c307426f05714a02854854295351a903','轻薄本',NULL,'/mallupload/1500605238076.png','a6c0902d4c9e4ddf9b936c82d9068abc',2),
	('c9df41c555c74d7bae6dde4171040a72','巧克力',NULL,'/mallupload/1507772680062.png','5da332af22154b47bf2b00fb2371dd81',1),
	('d1e1f65406ae491fb69f761b082bcec0','瑞表',NULL,'/mallupload/1500605521226.png','89ced6468142429c87f93f82354d56f7',4),
	('dcbf6d03f56143b4818eee44dbaff25f','海购','Buy overseas','/duobaoweb/../shopupload/1489650424438.png',NULL,7),
	('ea27ce5b3bac4be2b5be7b8a74296b6c','燃气热水器',NULL,'/mallupload/1500605783575.png','47895fb90c2e4aa09858768ff209dd08',6),
	('ee4a0bd4c43545439652c9c94fb52f9f','坚果',NULL,'/mallupload/1507777275133.png','5da332af22154b47bf2b00fb2371dd81',3),
	('f2a1161c82eb43f4a6682994dad896f6','数码','Electronics','/duobaoweb/../shopupload/1489650320311.png',NULL,3),
	('fb7c893af40043939cd8e7c9ff8cc98d','珍珠',NULL,'/mallupload/1500605510801.png','89ced6468142429c87f93f82354d56f7',3),
	('fe4bdc67f8b7489b8d7657c9e4b8ca45','一体机',NULL,'/mallupload/1500605280027.png','a6c0902d4c9e4ddf9b936c82d9068abc',5);

/*!40000 ALTER TABLE `shop_category` ENABLE KEYS */;
UNLOCK TABLES;


# Dump of table shop_collection
# ------------------------------------------------------------

DROP TABLE IF EXISTS `shop_collection`;

CREATE TABLE `shop_collection` (
  `collection_id` varchar(100) NOT NULL,
  `goods_id` varchar(255) DEFAULT NULL COMMENT '商品id',
  `goods_name` varchar(255) DEFAULT NULL,
  `goods_pic` varchar(255) DEFAULT NULL COMMENT '图片',
  `goods_price` decimal(10,0) DEFAULT NULL COMMENT '价格',
  `user_id` varchar(255) DEFAULT NULL COMMENT '用户id',
  `addtime` varchar(255) DEFAULT NULL COMMENT '时间',
  PRIMARY KEY (`collection_id`)
) ENGINE=InnoDB DEFAULT CHARSET=utf8;

LOCK TABLES `shop_collection` WRITE;
/*!40000 ALTER TABLE `shop_collection` DISABLE KEYS */;

INSERT INTO `shop_collection` (`collection_id`, `goods_id`, `goods_name`, `goods_pic`, `goods_price`, `user_id`, `addtime`)
VALUES
	('02d4f6ba5bfb4b67876b372396ed4217','205ad4353b4c4e32bc905a54cf649b2b','俞兆林卫衣 男2017春新款运动休闲印花大码潮人卫衣卫裤加厚外套套装男','/mallupload/1494510597008.png',0,'70e0ab2d4e0f4805a77bd2fb959c3049','2017-06-04 14:49:07'),
	('1ee4a83d10674663b56734c5f7f9e7a0','1765ea585d654478b4c92b9fe3984009','华为 HUAWEI P10 Plus 5.5英寸全网通 双卡双待 后置双镜头 曜石黑 6GB+256G	','/mallupload/1493995086094.png',1888,'16','2017-05-12 16:21:52'),
	('3644fca3d10c4f71ac3ef9eda1ffcc4f','511f7626ad3e45e69a543d9af5dfb2dd','谷笑爷坚果麦片早餐冲饮混合谷物水果仁燕麦营养即食免煮进口食品','/mallupload/1507777776378.png',49,'288b3af8499e4743b229af58519df2ee','2017-10-21 11:36:30'),
	('3f29a5c6763a463eaa731cc68b42cec2','205ad4353b4c4e32bc905a54cf649b2b','俞兆林卫衣 男2017春新款运动休闲印花大码潮人卫衣卫裤加厚外套套装男','/mallupload/1494510597008.png',0,'5e2c3aa1d87e4cd399a5315224592430','2017-05-31 09:36:03'),
	('61762cb072d04930adfac885911e1be2','071972a79097412b881ca6ac0c64f1f4','KHVANCHKARA 赫万奇卡拉','/mallupload/1507634731184.png',350,'288b3af8499e4743b229af58519df2ee','2017-10-21 11:36:23'),
	('68f93377036d44fa93d7b59d4e9b6589','61633342d49e455087d0a27bcb35a166','原瓶进口红酒 黄尾袋鼠西拉/梅洛领衔3国葡萄酒组合三支整箱750ml*3','/mallupload/1494511174242.png',500,'16','2017-05-12 10:32:14'),
	('6ddcf748b1c34e58a81db006de70949d','3a31ea72f7254ae0ba0b0e3c0ea3f5af','Apple iPhone 7 Plus (A1661) 128G 黑色 移动联通电信4G手机','/mallupload/1494510524153.png',6599,'5e2c3aa1d87e4cd399a5315224592430','2017-06-01 08:18:23'),
	('7759afad7c13435794aa5694cee71d40','0d712d1414ca4abaa2edc8680796f5b6','华为 HUAWEI P10 Plus 5.5英寸全网通 双卡双待 后置双镜头 曜石黑 6GB+256G	','/mallupload/1494511216940.png',201,'657eb8252e3c4861a898b757dc7117b5','2017-06-01 12:17:09'),
	('847af2bf9c844bb391a8657031e26891','236f33a6266d49bfb273c16f6c9de857','华为 HUAWEI P10 Plus 5.5英寸全网通 双卡双待 后置双镜头 曜石黑 6GB+256G	','/mallupload/1493996071462.png',5189,'16','2017-05-11 21:08:10'),
	('89b1d7cdb667432d873d4b514b0825d3','0d712d1414ca4abaa2edc8680796f5b6','华为 HUAWEI P10 Plus 5.5英寸全网通 双卡双待 后置双镜头 曜石黑 6GB+256G	','/mallupload/1493996086744.png',201,'16','2017-05-11 21:09:03'),
	('a43ae5e409c341da9111f1197bd0ed27','1b900354c9314caca37c98a9412d9ab6','BADAGONI阿拉维蒂','/mallupload/1507634070359.png',1198,'d8b8c0ffcebc4fb4bfad41413afcf6d3','2017-10-19 11:57:17'),
	('a5276905523346f39ffe391b3cab9290','1765ea585d654478b4c92b9fe3984009','华为 HUAWEI P10 Plus 5.5英寸全网通 双卡双待 后置双镜头 曜石黑 6GB+256G	','/mallupload/1493995086094.png',1888,'24618ce046b74d58b34d8a3cc594db25','2017-06-04 14:52:06'),
	('a8dc60c3dbe34625b044c4d6c92a67c1','3a71bfbef57a465783727743912db377','Lativ女装 2017秋冬新款女士牛津纺长袖衬衫修身简约百搭舒适款','/mallupload/1507706110969.png',89,'6da24b705efa4ee299418b7b412ccb6d','2017-10-14 06:59:51'),
	('af5da022314e4268b58f0c12b4f7ca57','4769bf5a00df4159957c5462115f84bd','华为 HUAWEI P10 Plus 5.5英寸全网通 双卡双待 后置双镜头 曜石黑 6GB+256G	','/mallupload/1493996008046.png',1,'16','2017-05-11 21:12:19'),
	('b2765753c8f94f9d8befd21b7345f98b','818f4598cc154f8db56956cd02189c8f','华为 HUAWEI P10 Plus 5.5英寸全网通 双卡双待 后置双镜头 曜石黑 6GB+256G','/mallupload/1493993769201.png',5888,'16','2017-05-11 21:08:27'),
	('d585e107fbe34c978d0079a1b6aba69f','de87458339444899907fd4512bed36dc','华为 HUAWEI P10 Plus 5.5英寸全网通 双卡双待 后置双镜头 曜石黑 6GB+256G','/mallupload/1493993769201.png',5888,'16','2017-05-11 21:08:38'),
	('d70091e532c8419dac58832561b5ceb0','236f33a6266d49bfb273c16f6c9de857','华为 HUAWEI P10 Plus 5.5英寸全网通 双卡双待 后置双镜头 曜石黑 6GB+256G	','/mallupload/1493996071462.png',5189,'657eb8252e3c4861a898b757dc7117b5','2017-06-01 12:17:16'),
	('ddc0f5402c7e4900a1d6d47527eabcbd','0329bc2713e34cdd81f134c0edfc36cd','华为 HUAWEI P10 Plus 5.5英寸全网通 双卡双待 后置双镜头 曜石黑 6GB+256G	','/mallupload/1493995102575.png',888,'16','2017-05-25 14:00:01'),
	('ddf7fda11b2e453f9d859c66da31c2bb','245525c398dc4f2fba592adc6dfc82b8','华为 HUAWEI P10 Plus 5.5英寸全网通 双卡双待 后置双镜头 曜石黑 6GB+256G	','/mallupload/1493995003483.png',5288,'16','2017-05-11 21:08:52'),
	('e1b8b7581b374d09b59ea95a81c03b58','3a31ea72f7254ae0ba0b0e3c0ea3f5af','Apple iPhone 7 Plus (A1661) 128G 黑色 移动联通电信4G手机','/mallupload/1493185163044.png',6599,'16','2017-05-11 21:08:49'),
	('e954062346aa427daf4392968ee95138','6f782050476644ccb93c27c3d285fb4e','华为 HUAWEI P10 Plus 5.5英寸全网通 双卡双待 后置双镜头 曜石黑 6GB+256G	','/mallupload/1493994602559.png',5000,'16','2017-05-11 21:08:19'),
	('f659bca29e194ce9ad4644832a0b78ac','bf1ca717e8474ea6a89de372345b6ac4','华为 HUAWEI P10 Plus 5.5英寸全网通 双卡双待 后置双镜头 曜石黑 6GB+256G	','/mallupload/1493995072915.png',3888,'16','2017-05-13 23:04:17'),
	('ff26f1d63f12476c8a22561a499b8fe3','1b900354c9314caca37c98a9412d9ab6','BADAGONI阿拉维蒂','/mallupload/1507634070359.png',1198,'4fb61e6b25c443ce9711c7fbcf2c2edc','2017-10-11 11:19:53');

/*!40000 ALTER TABLE `shop_collection` ENABLE KEYS */;
UNLOCK TABLES;


# Dump of table shop_comment
# ------------------------------------------------------------

DROP TABLE IF EXISTS `shop_comment`;

CREATE TABLE `shop_comment` (
  `COMMENT_ID` varchar(100) NOT NULL,
  `ORDER_ID` varchar(255) DEFAULT NULL COMMENT '订单id',
  `GOODS_ID` varchar(255) DEFAULT NULL,
  `USER_ID` varchar(255) DEFAULT NULL COMMENT '用户id',
  `COMMENT_TITLE` int(11) DEFAULT '0' COMMENT '评分',
  `COMMENT_CONTENT` varchar(255) DEFAULT NULL COMMENT '评论留言',
  `COMMENT_PIC` varchar(255) DEFAULT NULL COMMENT '晒图',
  `ADDTIME` varchar(255) DEFAULT NULL COMMENT '时间',
  PRIMARY KEY (`COMMENT_ID`)
) ENGINE=InnoDB DEFAULT CHARSET=utf8;

LOCK TABLES `shop_comment` WRITE;
/*!40000 ALTER TABLE `shop_comment` DISABLE KEYS */;

INSERT INTO `shop_comment` (`COMMENT_ID`, `ORDER_ID`, `GOODS_ID`, `USER_ID`, `COMMENT_TITLE`, `COMMENT_CONTENT`, `COMMENT_PIC`, `ADDTIME`)
VALUES
	('063946d73fe9465aafb81554de2112b9','1507615671288','627f21ccf893421ead0be760f9f8c01d','288b3af8499e4743b229af58519df2ee',5,'不错，挺好','','2017-10-10'),
	('1c5b799ad4794637b434a55d9d4d9fad','1500104275717','205ad4353b4c4e32bc905a54cf649b2b','e60c3b041ecf43a691fc7639f9817898',5,'此用户没写评语','','2017-07-15'),
	('2ab44abb99214be382c3b3e0dc40877d','20170509163924837906305','01f9058998cf4d7a8f17e0c33e14553b','6cb711714dfb4ce39447ae470dbbf68d',1,'','../mallupload/1495011575901.png','2017-05-17'),
	('300259d04b7c40d5a81df131f85c8295','1497251033618','071972a79097412b881ca6ac0c64f1f4','72078b17d1fa421a81eea72364cb2109',5,'！！！','../mallupload/1495011567350.png','2017-07-15'),
	('39741f31d9d14cd9ac67d462177a1e0b','1500104289201','0fedfcb7202b4fe6bf563f6c2e91cdc8','72078b17d1fa421a81eea72364cb2109',5,' ','../mallupload/1495011567350.png','2017-07-15'),
	('4234068e2934464181f8ddf93f0aa72e','1496317774959','0fedfcb7202b4fe6bf563f6c2e91cdc8','657eb8252e3c4861a898b757dc7117b5',5,'不错的','../mallupload/1496634639614.png,../mallupload/1496634664737.png','2017-06-05'),
	('4ab732547e2544ab95829e827d8ea82a','1499839618022','0fedfcb7202b4fe6bf563f6c2e91cdc8','e60c3b041ecf43a691fc7639f9817898',5,'哈','../mallupload/1495011567350.png','2017-07-12'),
	('4bac2550607e47c2a80d85c899e8132d','1497175620379','1b900354c9314caca37c98a9412d9ab6','7512d01779074c9589a1c1bb91814b03',5,'！！','../mallupload/1495011567350.png','2017-07-15'),
	('4c7fb17d979b4909a3e24e33ec3ccd0e','1500104266029','1b900354c9314caca37c98a9412d9ab6','e60c3b041ecf43a691fc7639f9817898',5,'此用户没写评语','../mallupload/1495011567350.png','2017-07-15'),
	('50933ae9366b4cb898248ab94fb8f949','1499839600756','3b6336534e5e4f7a82e33ed77c102f9e','e60c3b041ecf43a691fc7639f9817898',5,'这样还可以','../mallupload/1495011567350.png','2017-07-12'),
	('5173e0f829b546f6b8cdab7ac5bfd3a1','1500104311858','3b6336534e5e4f7a82e33ed77c102f9e','7512d01779074c9589a1c1bb91814b03',5,'好评','../mallupload/1495011567350.png','2017-07-15'),
	('517a8927f1eb4b42a74d8a8fdeea6b09','1500103615028','3c3b820137a7454081a905e2ce8cfd92','e60c3b041ecf43a691fc7639f9817898',5,'！！！','../mallupload/1495011567350.png','2017-07-15'),
	('53ba3d5105e545a19339b8002c6c96af','20170509163924837906305','245525c398dc4f2fba592adc6dfc82b8','16',1,'性能十足','../mallupload/1495011565085.png','2017-05-17'),
	('694e00c9e81c4829993bb0dd8adf2527','1496652094149','3c3b820137a7454081a905e2ce8cfd92','e60c3b041ecf43a691fc7639f9817898',1,'此用户没写评语','','2017-06-05'),
	('6c42ebf0eb484b7f8d285ca8e9ff1d66','1500103675576','3c3b820137a7454081a905e2ce8cfd92','4fb61e6b25c443ce9711c7fbcf2c2edc',5,'很好','../mallupload/1495011567350.png','2017-07-15'),
	('7125fec8deae4c8099cccbf4ec87e70d','20170509163924837906305','245525c398dc4f2fba592adc6dfc82b8','4fb61e6b25c443ce9711c7fbcf2c2edc',1,'','','2017-05-17'),
	('77d84f7f3ef14150a2683bba29948883','1500104301873','205ad4353b4c4e32bc905a54cf649b2b','e60c3b041ecf43a691fc7639f9817898',5,'此用户没写评语','','2017-07-15'),
	('8040bc8a66414aef98049ec824a5e529','20170512162740545457062','8dec8e0bdfb64457b61346cf3a93927b','4fb61e6b25c443ce9711c7fbcf2c2edc',1,'','../mallupload/1495011582132.png','2017-05-18'),
	('83173e09cb674ebfa251c2b6afed33bd','1500103625856','85c2fa625f6845949a32a673c676f015','4fb61e6b25c443ce9711c7fbcf2c2edc',5,'！！！','../mallupload/1495011567350.png','2017-07-15'),
	('83c86e004ef24c16a3a7420cbf9b22a3','20170509163924837906305','8dec8e0bdfb64457b61346cf3a93927b','4fb61e6b25c443ce9711c7fbcf2c2edc',1,'还行','../mallupload/1495011567350.png','2017-05-17'),
	('88b3e87774b74632a434688f5d8407ea','1500022570666','205ad4353b4c4e32bc905a54cf649b2b','e60c3b041ecf43a691fc7639f9817898',5,'！！！！','','2017-07-15'),
	('9211e070d69e4a8d8e1d01a8f38d98e0','1497251033618','38c3408d545c4ef983f62be531bf2b0f','e60c3b041ecf43a691fc7639f9817898',5,'不错，服务很好','../mallupload/1495011567350.png','2017-07-15'),
	('92698fba7b2f424d8feae2553894f27a','1496650280401','38c3408d545c4ef983f62be531bf2b0f','7512d01779074c9589a1c1bb91814b03',5,'口感很棒，下次还来','../mallupload/1495011567350.png','2017-06-05'),
	('959427e732e54e26ae159875155b158c','1500103598324','493373a36d9a431fbe1306682ee154d7','e60c3b041ecf43a691fc7639f9817898',5,'！！！','','2017-07-15'),
	('a5aae71808f242dd982d3ece58520a9c','1496304878255','205ad4353b4c4e32bc905a54cf649b2b','e60c3b041ecf43a691fc7639f9817898',5,'此用户没写评语','../mallupload/1495011567350.png','2017-07-15'),
	('a8b1f12ee5c34656bbb2a79af407de35','20170509163924837906305','778bf17a288f448fadfa7f8f032ea299','16',1,'','','2017-05-17'),
	('ac92e28a343f45c9b9320fbf015c7e0e','1500103634528','1f64c5d4a310499698bf4b875c44650f','7512d01779074c9589a1c1bb91814b03',5,'沙发质量不错，包装的很好','../mallupload/1495011567350.png','2017-07-15'),
	('afd93596c7344bccad7e1b86d03b5d77','1497006531689','1f64c5d4a310499698bf4b875c44650f','94daa7b30b5e4d0a8bbc7e492afb01f1',5,'和图片上的一样，很喜欢','../mallupload/1495011567350.png','2017-07-15'),
	('b2ac8966c32349e6aa45d2df83e3c202','1500103659044','7482a5a7f5f34cf9aaa56d54bc950d16','e60c3b041ecf43a691fc7639f9817898',5,'....','../mallupload/1495011567350.png','2017-07-15'),
	('bf46094d562544778b4f84cf5de75379','1496560101801','7482a5a7f5f34cf9aaa56d54bc950d16','94daa7b30b5e4d0a8bbc7e492afb01f1',4,'还不错的商品','../mallupload/1496561158335.png','2017-06-04'),
	('c2266e493b7943818cdea1c0cfd713cf','1496652296106','205ad4353b4c4e32bc905a54cf649b2b','657eb8252e3c4861a898b757dc7117b5',5,'ww','../mallupload/1495011567350.png','2017-06-05'),
	('d8db9785a0534a3a8cc8a90cfc20e473','20170509163924837906305','3a31ea72f7254ae0ba0b0e3c0ea3f5af','16',1,'','../mallupload/1495011572104.png','2017-05-17'),
	('e19834375beb4aa3b7e5d59fb29cd6f7','1500103644513','0329bc2713e34cdd81f134c0edfc36cd','e60c3b041ecf43a691fc7639f9817898',5,'...','../mallupload/1495011567350.png','2017-07-15'),
	('e4c9c69f6d1644c48e24a1236db79d51','1499839608834','205ad4353b4c4e32bc905a54cf649b2b','e60c3b041ecf43a691fc7639f9817898',5,'很好','../mallupload/1495011567350.png','2017-07-12'),
	('ea55797a4da746a9adb78c6621c60634','20170509163924837906305','61633342d49e455087d0a27bcb35a166','16',1,'','../mallupload/1495011582132.png','2017-05-17'),
	('eee3b7fd052e4fb7aa54e418587a61be','1499839584912','205ad4353b4c4e32bc905a54cf649b2b','e60c3b041ecf43a691fc7639f9817898',5,'高品质源码，专注java开发','','2017-07-12'),
	('ef395267a4214fefa2fa9a4dd102de78','20170509163924837906305','1765ea585d654478b4c92b9fe3984009','d8b8c0ffcebc4fb4bfad41413afcf6d3',1,'','../mallupload/1495011567350.png','2017-05-17'),
	('f0356933ab514afd9b35f88436fddde8','1497251033618','0329bc2713e34cdd81f134c0edfc36cd','e60c3b041ecf43a691fc7639f9817898',5,'1231313','','2017-07-15'),
	('f90ec00e09bc445d8a6f20c633360821','20170518214547514306040','1765ea585d654478b4c92b9fe3984009','16',1,'此用户没写评语','','2017-05-18'),
	('f90ec00e09bc445d8a6f20c633360822','20170518214547514306040','511f7626ad3e45e69a543d9af5dfb2dd','d8b8c0ffcebc4fb4bfad41413afcf6d3',5,'不错，很好','../mallupload/1495011567350.png','2017-05-18'),
	('fd2e5e668d094358a1b1d8ccadf598dc','1499839633897','205ad4353b4c4e32bc905a54cf649b2b','e60c3b041ecf43a691fc7639f9817898',3,'还行','','2017-07-12');

/*!40000 ALTER TABLE `shop_comment` ENABLE KEYS */;
UNLOCK TABLES;


# Dump of table shop_contact
# ------------------------------------------------------------

DROP TABLE IF EXISTS `shop_contact`;

CREATE TABLE `shop_contact` (
  `CONTACT_ID` varchar(100) NOT NULL,
  `USER_ID` varchar(255) DEFAULT NULL COMMENT '用户',
  `CONTENT` text COMMENT '内容',
  `ADDTIME` varchar(255) DEFAULT NULL COMMENT '时间',
  PRIMARY KEY (`CONTACT_ID`)
) ENGINE=InnoDB DEFAULT CHARSET=utf8;

LOCK TABLES `shop_contact` WRITE;
/*!40000 ALTER TABLE `shop_contact` DISABLE KEYS */;

INSERT INTO `shop_contact` (`CONTACT_ID`, `USER_ID`, `CONTENT`, `ADDTIME`)
VALUES
	('1a8d21cc0d1c454badfbb2ab3ce5a0f9','16','','2017-04-10 12:17:59'),
	('4e0a6ad0014941b4b10e61ae16eafc11','25','还','2017-04-20 13:23:57'),
	('866470c688ee4ef4af6066be20036a18','16','阿萨德发的撒发生地方','2017-04-10 13:04:16'),
	('879670550d954c018348649f3ef1637e','16','微信','2017-04-21 16:44:06'),
	('8e8369c6c099424290d5cad651e26cee','8','The fact ','2017-03-07 10:38:51'),
	('9e515681237a4ed59eb0e343db8b2d6f','14','哈哈哈','2017-03-20 15:20:34'),
	('a59b003294614f6587ab1c289f1cc4fa','12','','2017-03-19 00:51:25'),
	('ae307e9cb33343168b3f5ba8beb72ecb',NULL,NULL,'2017-03-01 14:31:25'),
	('b9596e02afb443a99b57b55e6757984a','16','不认识','2017-04-21 16:44:51'),
	('c368188807414818a83ad11d1b78a4f8','8','The ','2017-03-07 10:37:01'),
	('ccc4af3574a241bb85368c832cc13b38','12','  ','2017-03-19 00:51:36'),
	('ff222addff054e1c8e5624ee3959e48b','1','ASDFASDFDASDFA','2017-03-01 14:32:06');

/*!40000 ALTER TABLE `shop_contact` ENABLE KEYS */;
UNLOCK TABLES;


# Dump of table shop_coupon
# ------------------------------------------------------------

DROP TABLE IF EXISTS `shop_coupon`;

CREATE TABLE `shop_coupon` (
  `coupon_id` varchar(100) NOT NULL,
  `addtime` varchar(255) DEFAULT NULL COMMENT '添加时间',
  `starttime` varchar(255) DEFAULT NULL COMMENT '开始时间',
  `endtime` varchar(255) DEFAULT NULL COMMENT '结束时间',
  `coupon_name` varchar(255) DEFAULT NULL,
  `use_price` decimal(10,2) DEFAULT NULL,
  `coupon_price` decimal(10,2) DEFAULT NULL COMMENT '优惠券价格',
  `coupon_num` varchar(255) DEFAULT NULL COMMENT '兑换码',
  `coupon_count` int(11) NOT NULL COMMENT '优惠券数量',
  `type` int(11) NOT NULL COMMENT '类型',
  PRIMARY KEY (`coupon_id`)
) ENGINE=InnoDB DEFAULT CHARSET=utf8;



# Dump of table shop_express
# ------------------------------------------------------------

DROP TABLE IF EXISTS `shop_express`;

CREATE TABLE `shop_express` (
  `express_id` varchar(100) NOT NULL,
  `express_title` varchar(255) DEFAULT NULL COMMENT '编码',
  `express_name` varchar(255) DEFAULT NULL COMMENT '名称',
  `sort` int(11) NOT NULL COMMENT '排序',
  PRIMARY KEY (`express_id`)
) ENGINE=InnoDB DEFAULT CHARSET=utf8;

LOCK TABLES `shop_express` WRITE;
/*!40000 ALTER TABLE `shop_express` DISABLE KEYS */;

INSERT INTO `shop_express` (`express_id`, `express_title`, `express_name`, `sort`)
VALUES
	('18c9dd6a5ff04b0dac45f326377581f3','YTO','圆通',5),
	('44cf69da9a934fc38446ec9b68847b76','STO','申通',4),
	('5e1c0fdfa3cc4b6db6daf7ebe2a9367e','ZTO','中通',3),
	('6e8a663ffe3a45deb942656e20568eef','GTO','国通',11),
	('6ee8c0b2d53c412c87d0b6bdc351bc61','HHTT','天天',9),
	('8c938d0bf1da480d9a3f2c9463ff9e5d','QFKD','全峰',10),
	('90038583276c46bbbcb68f01538e9da2','UC','优速',12),
	('c8094d8630ef48429ab76f1be87b716e','YD','韵达',6),
	('cacc529ff7b840df9e444834db9e6d9a','HTKY','百世快递',2),
	('e79a298b3aca406fab0a0ae0b56b1d8a','EMS','EMS',8),
	('ec03c893ea0f40c5a92b14dec6c5dbc1','YZPY','邮政平邮',7),
	('f1d80b55d8a949a0a9048eea80b1eea1','SF','顺丰',1),
	('fef7ea1013e1462ba0e729ddf1001a04','DBL','德邦',13);

/*!40000 ALTER TABLE `shop_express` ENABLE KEYS */;
UNLOCK TABLES;


# Dump of table shop_expressconfig
# ------------------------------------------------------------

DROP TABLE IF EXISTS `shop_expressconfig`;

CREATE TABLE `shop_expressconfig` (
  `expressconfig_id` varchar(100) NOT NULL,
  `partner_id` varchar(255) DEFAULT NULL COMMENT '商户id',
  `partner_key` varchar(255) DEFAULT NULL COMMENT '私钥',
  PRIMARY KEY (`expressconfig_id`)
) ENGINE=InnoDB DEFAULT CHARSET=utf8;

LOCK TABLES `shop_expressconfig` WRITE;
/*!40000 ALTER TABLE `shop_expressconfig` DISABLE KEYS */;

INSERT INTO `shop_expressconfig` (`expressconfig_id`, `partner_id`, `partner_key`)
VALUES
	('1','1289307','4c6eb73b-2428-49ed-a388-389def377d1b');

/*!40000 ALTER TABLE `shop_expressconfig` ENABLE KEYS */;
UNLOCK TABLES;


# Dump of table shop_freight
# ------------------------------------------------------------

DROP TABLE IF EXISTS `shop_freight`;

CREATE TABLE `shop_freight` (
  `freight_id` varchar(100) NOT NULL,
  `freight_price` decimal(10,2) DEFAULT NULL COMMENT '运费价格',
  `freight_free_price` decimal(10,2) DEFAULT NULL COMMENT '免邮价格',
  PRIMARY KEY (`freight_id`)
) ENGINE=InnoDB DEFAULT CHARSET=utf8;

LOCK TABLES `shop_freight` WRITE;
/*!40000 ALTER TABLE `shop_freight` DISABLE KEYS */;

INSERT INTO `shop_freight` (`freight_id`, `freight_price`, `freight_free_price`)
VALUES
	('1',0.00,301.00);

/*!40000 ALTER TABLE `shop_freight` ENABLE KEYS */;
UNLOCK TABLES;


# Dump of table shop_goods
# ------------------------------------------------------------

DROP TABLE IF EXISTS `shop_goods`;

CREATE TABLE `shop_goods` (
  `goods_id` varchar(255) NOT NULL,
  `goods_pic` text,
  `goods_name` varchar(255) DEFAULT NULL,
  `goods_title` varchar(255) DEFAULT NULL,
  `goods_price` decimal(10,2) DEFAULT NULL COMMENT '价格',
  `goods_num` int(11) DEFAULT '0' COMMENT '总量',
  `spec_name` varchar(255) DEFAULT NULL COMMENT '属性/规格 名称',
  `spec_title` varchar(255) DEFAULT NULL COMMENT '具体内容',
  `spec_price` varchar(255) DEFAULT NULL COMMENT '规格对应的价格',
  `goods_detail` text,
  `goods_sales` int(11) DEFAULT '0' COMMENT '销量',
  `sort` int(255) DEFAULT NULL,
  `category_id` varchar(255) DEFAULT NULL,
  `tuijian` varchar(255) DEFAULT NULL,
  `reason_return` int(11) DEFAULT '1' COMMENT '是否七天无理由',
  `sell_count` int(11) DEFAULT '0' COMMENT '销量',
  `user_id` varchar(255) DEFAULT NULL,
  PRIMARY KEY (`goods_id`)
) ENGINE=InnoDB DEFAULT CHARSET=utf8;

LOCK TABLES `shop_goods` WRITE;
/*!40000 ALTER TABLE `shop_goods` DISABLE KEYS */;

INSERT INTO `shop_goods` (`goods_id`, `goods_pic`, `goods_name`, `goods_title`, `goods_price`, `goods_num`, `spec_name`, `spec_title`, `spec_price`, `goods_detail`, `goods_sales`, `sort`, `category_id`, `tuijian`, `reason_return`, `sell_count`, `user_id`)
VALUES
	('01f9058998cf4d7a8f17e0c33e14553b','/mallupload/1507708608164.png,/mallupload/1507708612055.png','2017秋季新款男士韩版修身小西装男立领休闲西服青年帅气潮流外套','韩版修身',459.00,200,NULL,NULL,NULL,'<p>\r\n	<img src=\"http://iego.imory.cn/mallupload/image/20171011/20171011155909_925.jpg\" alt=\"\" />\r\n</p>\r\n<p>\r\n	<img src=\"http://iego.imory.cn/mallupload/image/20171011/20171011155845_519.jpg\" alt=\"\" />\r\n</p>\r\n<p>\r\n	<img src=\"/mallupload/image/20171011/20171011155957_198.jpg\" alt=\"\" />\r\n</p>\r\n<p>\r\n	<br />\r\n</p>',NULL,NULL,'7da32452361444d99e3e1cc159ecd8ad',NULL,NULL,0,NULL),
	('071972a79097412b881ca6ac0c64f1f4','/mallupload/1507634731184.png','KHVANCHKARA 赫万奇卡拉','格鲁吉亚原装进口',350.00,3000,NULL,NULL,NULL,'<p style=\"text-align:center;\">\r\n	<img src=\"/mallupload/image/20171010/20171010174640_401.jpg\" alt=\"\" /> \r\n</p>\r\n<p style=\"text-align:center;\">\r\n	<img src=\"/mallupload/image/20171010/20171010174657_97.jpg\" alt=\"\" /> \r\n</p>\r\n<p style=\"text-align:center;\">\r\n	<img src=\"/mallupload/image/20171010/20171010174507_423.png\" alt=\"\" /> \r\n</p>\r\n<p style=\"text-align:center;\">\r\n	<img src=\"/mallupload/image/20171010/20171010174603_303.png\" alt=\"\" /> \r\n</p>\r\n<p style=\"text-align:center;\">\r\n	<img src=\"/mallupload/image/20171010/20171010174616_426.png\" alt=\"\" />\r\n</p>',NULL,NULL,'966e2606d7c54a32bb7bf48686b20260','1',NULL,0,NULL),
	('0fedfcb7202b4fe6bf563f6c2e91cdc8','/mallupload/1507780625996.png,/mallupload/1507780628259.png','Huawei/华为 P10 4G全网通智能手机','金属钻雕工艺 面面光芒',3488.00,1200,NULL,NULL,NULL,'<p style=\"text-align:center;\">\r\n	<img src=\"/mallupload/image/20171012/20171012120302_658.jpg\" alt=\"\" />\r\n</p>\r\n<p style=\"text-align:center;\">\r\n	<img src=\"/mallupload/image/20171012/20171012120322_486.jpg\" alt=\"\" />\r\n</p>\r\n<p style=\"text-align:center;\">\r\n	<img src=\"/mallupload/image/20171012/20171012120337_313.jpg\" alt=\"\" />\r\n</p>\r\n<p style=\"text-align:center;\">\r\n	<br />\r\n</p>\r\n<p style=\"text-align:center;\">\r\n	<br />\r\n</p>\r\n<p style=\"text-align:center;\">\r\n	<br />\r\n</p>\r\n<p style=\"text-align:center;\">\r\n	<br />\r\n</p>\r\n<p style=\"text-align:center;\">\r\n	<br />\r\n</p>\r\n<p style=\"text-align:center;\">\r\n	<br />\r\n</p>',NULL,NULL,'9f28fbea3ccf4b659112cc399b4bb59c',NULL,NULL,0,NULL),
	('1b900354c9314caca37c98a9412d9ab6','/mallupload/1507634070359.png,/mallupload/1507634074829.png','BADAGONI阿拉维蒂','格鲁吉亚原装进口',1198.00,1000,NULL,NULL,NULL,'<p style=\"text-align:center;\">\r\n	<img src=\"/mallupload/image/20171010/20171010192441_545.jpg\" alt=\"\" /> \r\n</p>\r\n<p style=\"text-align:center;\">\r\n	<img src=\"/mallupload/image/20171010/20171010192454_863.jpg\" alt=\"\" /> \r\n</p>\r\n<p style=\"text-align:center;\">\r\n	<img src=\"/mallupload/image/20171010/20171010192702_472.jpg\" alt=\"\" /> \r\n</p>\r\n<p style=\"text-align:center;\">\r\n	<img src=\"/mallupload/image/20171010/20171010192822_25.png\" alt=\"\" /> \r\n</p>\r\n<p style=\"text-align:center;\">\r\n	<img src=\"/mallupload/image/20171010/20171010193028_24.png\" alt=\"\" /> \r\n</p>\r\n<p style=\"text-align:center;\">\r\n	<img src=\"/mallupload/image/20171010/20171010193040_899.png\" alt=\"\" />\r\n</p>',NULL,NULL,'966e2606d7c54a32bb7bf48686b20260','1',NULL,0,NULL),
	('1f64c5d4a310499698bf4b875c44650f','/mallupload/1507720238047.png','组合沙发小户型可拆洗布沙发L型小沙发 客厅 整装家具','布艺沙发',2370.40,1000,NULL,NULL,NULL,'<p style=\"text-align:center;\">\r\n	<img src=\"/mallupload/image/20171011/20171011191220_19.jpg\" alt=\"\" />\r\n</p>\r\n<p style=\"text-align:center;\">\r\n	<img src=\"/mallupload/image/20171011/20171011191147_480.jpg\" alt=\"\" />\r\n</p>',NULL,NULL,'b67f1ed0e401462eb29d7d2ea72c7e48',NULL,NULL,0,NULL),
	('2646dd5d556d4c12a7f598ec77838803','/mallupload/1507721198880.png','伊朗天然白洞石大理石茶几简约现代长方形创意客厅家具','天然白洞石大理石',3231.20,300,NULL,NULL,NULL,'<p style=\"text-align:center;\">\r\n	<img src=\"/mallupload/image/20171011/20171011192710_400.jpg\" alt=\"\" />\r\n</p>\r\n<p style=\"text-align:center;\">\r\n	<img src=\"/mallupload/image/20171011/20171011192858_739.jpg\" alt=\"\" />\r\n</p>\r\n<p style=\"text-align:center;\">\r\n	<img src=\"/mallupload/image/20171011/20171011192909_88.jpg\" alt=\"\" />\r\n</p>\r\n<p style=\"text-align:center;\">\r\n	<img src=\"/mallupload/image/20171011/20171011192942_736.jpg\" alt=\"\" />\r\n</p>\r\n<p style=\"text-align:center;\">\r\n	<img src=\"/mallupload/image/20171011/20171011193005_851.jpg\" alt=\"\" />\r\n</p>\r\n<p style=\"text-align:center;\">\r\n	<br />\r\n</p>\r\n<p style=\"text-align:center;\">\r\n	<br />\r\n</p>',NULL,NULL,'b67f1ed0e401462eb29d7d2ea72c7e48',NULL,NULL,0,NULL),
	('26818275d2094dc2982437e12dd5fa4b','/mallupload/1507629206755.png,/mallupload/1507629209423.png','ChaCha恰恰','格鲁吉亚原装进口',198.00,20000,NULL,NULL,NULL,'<p style=\"text-align:center;\">\r\n	<img src=\"/mallupload/image/20171010/20171010174935_70.jpg\" alt=\"\" />\r\n</p>\r\n<p style=\"text-align:center;\">\r\n	<img src=\"/mallupload/image/20171010/20171010174945_874.jpg\" alt=\"\" />\r\n</p>\r\n<p style=\"text-align:center;\">\r\n	<img src=\"/mallupload/image/20171010/20171010175002_195.png\" alt=\"\" />\r\n</p>\r\n<p style=\"text-align:center;\">\r\n	<img src=\"/mallupload/image/20171010/20171010175028_749.png\" alt=\"\" />\r\n</p>\r\n<p style=\"text-align:center;\">\r\n	<img src=\"/mallupload/image/20171010/20171010175039_427.png\" alt=\"\" />\r\n</p>\r\n<p style=\"text-align:center;\">\r\n	<img src=\"/mallupload/image/20171010/20171010175051_976.png\" alt=\"\" />\r\n</p>\r\n<p style=\"text-align:center;\">\r\n	<img src=\"/mallupload/image/20171010/20171010175103_423.png\" alt=\"\" />\r\n</p>\r\n<p style=\"text-align:center;\">\r\n	<img src=\"/mallupload/image/20171010/20171010175109_962.png\" alt=\"\" />\r\n</p>\r\n<p>\r\n	<br />\r\n</p>',NULL,NULL,'966e2606d7c54a32bb7bf48686b20260',NULL,NULL,0,NULL),
	('2f4da1f42c8541208bec5f88f7c972d4','/mallupload/1507635440535.png,/mallupload/1507635445853.png','PIROSMANI皮罗曼尼','格鲁吉亚原装进口',420.00,20000,NULL,NULL,NULL,'<p style=\"text-align:center;\">\r\n	<img src=\"/mallupload/image/20171010/20171010174210_844.jpg\" alt=\"\" /> \r\n</p>\r\n<p style=\"text-align:center;\">\r\n	<img src=\"/mallupload/image/20171010/20171010174234_803.jpg\" alt=\"\" /> \r\n</p>\r\n<p style=\"text-align:center;\">\r\n	<img src=\"/mallupload/image/20171010/20171010174251_431.png\" alt=\"\" /> \r\n</p>\r\n<p style=\"text-align:center;\">\r\n	<img src=\"/mallupload/image/20171010/20171010174359_846.png\" alt=\"\" /> \r\n</p>\r\n<p style=\"text-align:center;\">\r\n	<img src=\"/mallupload/image/20171010/20171010174408_218.png\" alt=\"\" /> \r\n</p>\r\n<p style=\"text-align:center;\">\r\n	<img src=\"/mallupload/image/20171010/20171010195817_888.jpg\" alt=\"\" />\r\n</p>\r\n<p style=\"text-align:center;\">\r\n	<img src=\"/mallupload/image/20171010/20171010174426_867.png\" alt=\"\" /> \r\n</p>',NULL,NULL,'966e2606d7c54a32bb7bf48686b20260',NULL,NULL,0,NULL),
	('36646a8da551482e8710950e6b0fadbf','/mallupload/1507785067657.png,/mallupload/1507785070226.png','Huawei/华为 P10 Plus 4G全网通手机','金属钻雕工艺 面面光芒',3988.00,2100,NULL,NULL,NULL,'<p style=\"text-align:center;\">\r\n	<img src=\"/mallupload/image/20171012/20171012131559_866.jpg\" alt=\"\" />\r\n</p>\r\n<p style=\"text-align:center;\">\r\n	<img src=\"/mallupload/image/20171012/20171012131712_883.jpg\" alt=\"\" />\r\n</p>\r\n<p style=\"text-align:center;\">\r\n	<br />\r\n</p>\r\n<p style=\"text-align:center;\">\r\n	<img src=\"/mallupload/image/20171012/20171012131731_798.jpg\" alt=\"\" />\r\n</p>\r\n<p style=\"text-align:center;\">\r\n	<img src=\"/mallupload/image/20171012/20171012131951_537.jpg\" alt=\"\" />\r\n</p>\r\n<p style=\"text-align:center;\">\r\n	<img src=\"/mallupload/image/20171012/20171012132026_217.jpg\" alt=\"\" />\r\n</p>\r\n<p style=\"text-align:center;\">\r\n	<img src=\"/mallupload/image/20171012/20171012132056_176.jpg\" alt=\"\" />\r\n</p>\r\n<p style=\"text-align:center;\">\r\n	<img src=\"/mallupload/image/20171012/20171012132124_253.jpg\" alt=\"\" />\r\n</p>\r\n<p style=\"text-align:center;\">\r\n	<img src=\"/mallupload/image/20171012/20171012132150_165.jpg\" alt=\"\" />\r\n</p>\r\n<p style=\"text-align:center;\">\r\n	<img src=\"/mallupload/image/20171012/20171012132221_120.jpg\" alt=\"\" />\r\n</p>\r\n<p style=\"text-align:center;\">\r\n	<br />\r\n</p>\r\n<p style=\"text-align:center;\">\r\n	<br />\r\n</p>\r\n<p style=\"text-align:center;\">\r\n	<br />\r\n</p>\r\n<p style=\"text-align:center;\">\r\n	<br />\r\n</p>\r\n<p style=\"text-align:center;\">\r\n	<br />\r\n</p>',NULL,NULL,'9f28fbea3ccf4b659112cc399b4bb59c',NULL,NULL,0,NULL),
	('38c3408d545c4ef983f62be531bf2b0f','/mallupload/1507633860084.png','AKHASHENI阿哈申尼半甜红葡萄酒','格鲁吉亚原装进口',200.00,20000,NULL,NULL,NULL,'<p>\r\n	<img src=\"/mallupload/image/20171010/20171010173411_862.jpg\" alt=\"\" /> \r\n</p>\r\n<p>\r\n	<img src=\"/mallupload/image/20171010/20171010173422_701.jpg\" alt=\"\" /> \r\n</p>\r\n<p style=\"text-align:center;\">\r\n	<img src=\"/mallupload/image/20171010/20171010173452_219.png\" alt=\"\" /> \r\n</p>\r\n<p style=\"text-align:center;\">\r\n	<img src=\"/mallupload/image/20171010/20171010193542_452.jpg\" alt=\"\" />\r\n</p>\r\n<p style=\"text-align:center;\">\r\n	<img src=\"/mallupload/image/20171010/20171010173501_855.png\" alt=\"\" /> \r\n</p>',NULL,NULL,'966e2606d7c54a32bb7bf48686b20260',NULL,NULL,0,NULL),
	('3a71bfbef57a465783727743912db377','/mallupload/1507706110969.png,/mallupload/1507706113565.png,/mallupload/1507706116266.png,/mallupload/1507706118255.png','Lativ女装 2017秋冬新款女士牛津纺长袖衬衫修身简约百搭舒适款','简约百搭舒适款',89.00,1200,NULL,NULL,NULL,'<p>\r\n	<img src=\"/mallupload/image/20171011/20171011151725_691.jpg\" alt=\"\" />\r\n</p>\r\n<p>\r\n	<img src=\"/mallupload/image/20171011/20171011151747_717.jpg\" alt=\"\" />\r\n</p>\r\n<p>\r\n	<img src=\"/mallupload/image/20171011/20171011151800_710.jpg\" alt=\"\" />\r\n</p>\r\n<p>\r\n	<img src=\"/mallupload/image/20171011/20171011151809_121.jpg\" alt=\"\" />\r\n</p>\r\n<p>\r\n	<img src=\"/mallupload/image/20171011/20171011151820_674.jpg\" alt=\"\" />\r\n</p>\r\n<p>\r\n	<img src=\"/mallupload/image/20171011/20171011151912_58.jpg\" alt=\"\" />\r\n</p>\r\n<p>\r\n	<br />\r\n</p>\r\n<p>\r\n	<img src=\"http://iego.imory.cn/mallupload/image/20171011/20171011151842_412.jpg\" alt=\"\" />\r\n</p>\r\n<p>\r\n	<br />\r\n</p>',NULL,NULL,'5d730275aef241e68c249105030e4ce4',NULL,NULL,0,NULL),
	('3b6336534e5e4f7a82e33ed77c102f9e','/mallupload/1507634219645.png','BADAGONI BRUT巴达果尼 布鲁特葡萄酒','格鲁吉亚原装进口',20000.00,2000,NULL,NULL,NULL,'<p style=\"text-align:center;\">\r\n	<img src=\"/mallupload/image/20171010/20171010181152_956.jpg\" alt=\"\" /><img src=\"/mallupload/image/20171010/20171010181157_802.jpg\" alt=\"\" /><img src=\"/mallupload/image/20171010/20171010181207_320.png\" alt=\"\" />\r\n</p>\r\n<p style=\"text-align:center;\">\r\n	<img src=\"/mallupload/image/20171010/20171010200309_939.jpg\" alt=\"\" /><img src=\"/mallupload/image/20171010/20171010181230_660.png\" alt=\"\" />\r\n</p>',NULL,NULL,'966e2606d7c54a32bb7bf48686b20260',NULL,NULL,0,NULL),
	('3c3b820137a7454081a905e2ce8cfd92','/mallupload/1507635378420.png','MUKUZANI 木库扎尼','格鲁吉亚原装进口',168.00,10000,NULL,NULL,NULL,'<p style=\"text-align:center;\">\r\n	<img src=\"/mallupload/image/20171010/20171010170216_665.jpg\" alt=\"\" /> \r\n</p>\r\n<p style=\"text-align:center;\">\r\n	<img src=\"/mallupload/image/20171010/20171010170434_24.jpg\" alt=\"\" /> \r\n</p>\r\n<p style=\"text-align:center;\">\r\n	<img src=\"/mallupload/image/20171010/20171010170448_876.png\" alt=\"\" /> \r\n</p>\r\n<p style=\"text-align:center;\">\r\n	<img src=\"/mallupload/image/20171010/20171010193300_520.jpg\" alt=\"\" />\r\n</p>\r\n<p style=\"text-align:center;\">\r\n	<img src=\"/mallupload/image/20171010/20171010170600_645.png\" alt=\"\" /> \r\n</p>',NULL,NULL,'966e2606d7c54a32bb7bf48686b20260',NULL,NULL,0,NULL),
	('493373a36d9a431fbe1306682ee154d7','/mallupload/1507628924983.png,/mallupload/1507628935178.png,/mallupload/1507628960813.png,/mallupload/1507628963097.png','ALAVERDI TRADITIONS阿拉维蒂传统干白/干红葡萄酒','格鲁吉亚原装进口',3000.00,500000,NULL,NULL,NULL,'<img src=\"/mallupload/image/20171010/20171010175225_924.jpg\" alt=\"\" /><img src=\"/mallupload/image/20171010/20171010175232_210.jpg\" alt=\"\" /><img src=\"/mallupload/image/20171010/20171010175244_362.png\" alt=\"\" /><img src=\"/mallupload/image/20171010/20171010175252_120.png\" alt=\"\" /><img src=\"/mallupload/image/20171010/20171010175257_772.png\" alt=\"\" />',NULL,NULL,'966e2606d7c54a32bb7bf48686b20260',NULL,NULL,0,NULL),
	('4efc77a0cccb49ee876f3226d34a5336','/mallupload/1507724230116.png,/mallupload/1507724232601.png','布艺沙发客厅组合现代简约转角小户型客厅家具贵妃皮布沙发','布艺沙发',2373.60,200,NULL,NULL,NULL,'<p style=\"text-align:center;\">\r\n	<img src=\"/mallupload/image/20171011/20171011201732_593.jpg\" alt=\"\" />\r\n</p>\r\n<p style=\"text-align:center;\">\r\n	<img src=\"/mallupload/image/20171011/20171011201754_345.jpg\" alt=\"\" />\r\n</p>\r\n<p style=\"text-align:center;\">\r\n	<img src=\"/mallupload/image/20171011/20171011201821_652.jpg\" alt=\"\" />\r\n</p>\r\n<p style=\"text-align:center;\">\r\n	<br />\r\n</p>\r\n<p style=\"text-align:center;\">\r\n	<br />\r\n</p>\r\n<p style=\"text-align:center;\">\r\n	<br />\r\n</p>\r\n<p style=\"text-align:center;\">\r\n	<br />\r\n</p>',NULL,NULL,'b67f1ed0e401462eb29d7d2ea72c7e48',NULL,NULL,0,NULL),
	('511f7626ad3e45e69a543d9af5dfb2dd','/mallupload/1507777776378.png,/mallupload/1507777792915.png,/mallupload/1507777802487.png','谷笑爷坚果麦片早餐冲饮混合谷物水果仁燕麦营养即食免煮进口食品','芬兰冰原麦源 多种坚果果仁 富含膳食纤维',49.00,6000,NULL,NULL,NULL,'<img src=\"/mallupload/image/20171012/20171012111158_153.jpg\" alt=\"\" /><img src=\"/mallupload/image/20171012/20171012111549_897.jpg\" alt=\"\" /><img src=\"/mallupload/image/20171012/20171012111619_596.jpg\" alt=\"\" /><img src=\"/mallupload/image/20171012/20171012111640_530.jpg\" alt=\"\" /><img src=\"/mallupload/image/20171012/20171012111658_200.jpg\" alt=\"\" /><img src=\"/mallupload/image/20171012/20171012111706_125.jpg\" alt=\"\" /><img src=\"/mallupload/image/20171012/20171012111746_940.jpg\" alt=\"\" /><img src=\"/mallupload/image/20171012/20171012111814_976.jpg\" alt=\"\" /><img src=\"/mallupload/image/20171012/20171012111831_285.jpg\" alt=\"\" /><img src=\"/mallupload/image/20171012/20171012111902_856.jpg\" alt=\"\" /><img src=\"/mallupload/image/20171012/20171012111930_478.jpg\" alt=\"\" /><img src=\"/mallupload/image/20171012/20171012112432_114.jpg\" alt=\"\" />',NULL,NULL,'ee4a0bd4c43545439652c9c94fb52f9f','1',NULL,1,NULL),
	('55a635adda1048248afcc25f7f8cd4c1','/mallupload/1507634778553.png','KINAZMZRAULI 金兹玛','格鲁吉亚原装进口',560.00,10000,NULL,NULL,NULL,'<p style=\"text-align:center;\">\r\n	<img src=\"/mallupload/image/20171010/20171010175252_429.jpg\" alt=\"\" />\r\n</p>\r\n<p style=\"text-align:center;\">\r\n	<img src=\"/mallupload/image/20171010/20171010175313_524.jpg\" alt=\"\" />\r\n</p>\r\n<p style=\"text-align:center;\">\r\n	<img src=\"/mallupload/image/20171010/20171010175335_532.png\" alt=\"\" />\r\n</p>\r\n<p style=\"text-align:center;\">\r\n	<img src=\"/mallupload/image/20171010/20171010175349_861.png\" alt=\"\" />\r\n</p>\r\n<p style=\"text-align:center;\">\r\n	<img src=\"/mallupload/image/20171010/20171010175415_36.png\" alt=\"\" />\r\n</p>',NULL,NULL,'966e2606d7c54a32bb7bf48686b20260','1',NULL,0,NULL),
	('56372942013842cd882199572d17cbd3','/mallupload/1507710388249.png,/mallupload/1507710393912.png','纽约大宝 Armani/阿玛尼AX 男士舒适棉质款西服便西外套',' Armani/阿玛尼AX ',499.00,160,NULL,NULL,NULL,'<p style=\"font-family:tahoma, arial, 宋体, sans-serif;font-size:14px;background-color:#FFFFFF;text-align:center;\">\r\n	<span style=\"font-size:24px;\">纽约大宝 Armani/阿玛尼AX 男士舒适棉质款西服便西外套</span>\r\n</p>\r\n<p style=\"font-family:tahoma, arial, 宋体, sans-serif;font-size:14px;background-color:#FFFFFF;\">\r\n	<span style=\"font-size:18px;\">品牌：<span style=\"line-height:36px;\">Armani/阿玛尼</span></span>\r\n</p>\r\n<p style=\"font-family:tahoma, arial, 宋体, sans-serif;font-size:14px;background-color:#FFFFFF;\">\r\n	<span style=\"font-size:18px;\">采购地：美国</span>\r\n</p>\r\n<p style=\"font-family:tahoma, arial, 宋体, sans-serif;font-size:14px;background-color:#FFFFFF;\">\r\n	<span style=\"font-size:18px;\">产地：中国</span>\r\n</p>\r\n<p style=\"font-family:tahoma, arial, 宋体, sans-serif;font-size:14px;background-color:#FFFFFF;\">\r\n	<span style=\"font-size:18px;\">材质：98%棉2%氨纶</span>\r\n</p>\r\n<p style=\"text-align:center;font-family:tahoma, arial, 宋体, sans-serif;font-size:14px;background-color:#FFFFFF;\">\r\n	<span style=\"font-size:18px;\"><img src=\"/mallupload/image/20171011/20171011162902_479.jpg\" alt=\"\" /><br />\r\n</span>\r\n</p>\r\n<p style=\"text-align:center;font-family:tahoma, arial, 宋体, sans-serif;font-size:14px;background-color:#FFFFFF;\">\r\n	<span style=\"font-size:18px;\">\r\n	<p style=\"font-family:tahoma, arial, 宋体, sans-serif;font-size:14px;background-color:#FFFFFF;text-align:center;\">\r\n		实拍图\r\n	</p>\r\n	<p style=\"font-family:tahoma, arial, 宋体, sans-serif;font-size:14px;background-color:#FFFFFF;text-align:center;\">\r\n		<span style=\"color:#404040;font-size:12px;line-height:15.6px;\">6XZG17-1200黑色</span>\r\n	</p>\r\n<img src=\"/mallupload/image/20171011/20171011163011_452.jpg\" alt=\"\" /><br />\r\n</span>\r\n</p>\r\n<p style=\"text-align:center;font-family:tahoma, arial, 宋体, sans-serif;font-size:14px;background-color:#FFFFFF;\">\r\n	<span style=\"font-size:18px;\"><img src=\"/mallupload/image/20171011/20171011163027_59.jpg\" alt=\"\" /><br />\r\n</span>\r\n</p>\r\n<p style=\"text-align:center;font-family:tahoma, arial, 宋体, sans-serif;font-size:14px;background-color:#FFFFFF;\">\r\n	<span style=\"font-size:18px;\"><img src=\"/mallupload/image/20171011/20171011163037_164.jpg\" alt=\"\" /><br />\r\n</span>\r\n</p>\r\n<p style=\"text-align:center;font-family:tahoma, arial, 宋体, sans-serif;font-size:14px;background-color:#FFFFFF;\">\r\n	<span style=\"font-size:18px;\"><span style=\"color:#404040;font-family:tahoma, arial, 宋体, sans-serif;background-color:#FFFFFF;\">2144-410 深蓝</span><br />\r\n</span>\r\n</p>\r\n<p style=\"text-align:center;font-family:tahoma, arial, 宋体, sans-serif;font-size:14px;background-color:#FFFFFF;\">\r\n	<span style=\"font-size:18px;\"><img src=\"/mallupload/image/20171011/20171011164017_133.jpg\" alt=\"\" /><br />\r\n</span>\r\n</p>\r\n<p style=\"text-align:center;\">\r\n	<img src=\"/mallupload/image/20171011/20171011164039_657.jpg\" alt=\"\" />\r\n</p>\r\n<p style=\"text-align:center;\">\r\n	<br />\r\n</p>\r\n<p style=\"text-align:center;\">\r\n	<br />\r\n</p>',NULL,NULL,'7da32452361444d99e3e1cc159ecd8ad',NULL,NULL,0,NULL),
	('56d6c4a94db14de1a45af7267ac293ac','/mallupload/1507776760080.png','费列罗拉斐尔椰蓉扁桃仁糖果酥球 T15粒礼盒装150g','扁桃仁糖果',39.00,150,NULL,NULL,NULL,'<img src=\"/mallupload/image/20171012/20171012105506_775.jpg\" alt=\"\" /><img src=\"/mallupload/image/20171012/20171012105514_409.jpg\" alt=\"\" /><img src=\"/mallupload/image/20171012/20171012105528_417.jpg\" alt=\"\" /><img src=\"/mallupload/image/20171012/20171012105539_463.jpg\" alt=\"\" />',NULL,NULL,'c9df41c555c74d7bae6dde4171040a72',NULL,NULL,0,NULL),
	('57d4ff1c49de4907b75ccdca01da0906','/mallupload/1507785887609.png,/mallupload/1507785889720.png','Huawei/华为 nova 2 4G全网通智能手机','用细节呈现颜值实力',2499.00,500,NULL,NULL,NULL,'<p style=\"text-align:center;\">\r\n	<img src=\"http://iego.imory.cn/mallupload/image/20171012/20171012132839_233.jpg\" alt=\"\" /><img src=\"/mallupload/image/20171012/20171012132856_127.jpg\" alt=\"\" />\r\n</p>\r\n<p style=\"text-align:center;\">\r\n</p>',NULL,NULL,'9f28fbea3ccf4b659112cc399b4bb59c',NULL,NULL,0,NULL),
	('5ac74d5f07ef400b8382e9ba54ca1e47','/mallupload/1507787296734.png','Apple/苹果 10.5 英寸 iPad Pro','Apple/苹果 10.5 英寸 iPad Pro',5188.00,200,NULL,NULL,NULL,'<p style=\"text-align:center;\">\r\n	<img src=\"/mallupload/image/20171012/20171012134957_821.jpg\" alt=\"\" />\r\n</p>\r\n<p style=\"text-align:center;\">\r\n	<img src=\"/mallupload/image/20171012/20171012135008_549.jpg\" alt=\"\" />\r\n</p>\r\n<p style=\"text-align:center;\">\r\n	<br />\r\n</p>\r\n<p style=\"text-align:center;\">\r\n	<img src=\"/mallupload/image/20171012/20171012135031_308.jpg\" alt=\"\" />\r\n</p>',NULL,NULL,'43763591b7af439aaa962a014d0241de',NULL,NULL,0,NULL),
	('61d9605b83a64d278956f7a80e627fa3','/mallupload/1507780973882.png,/mallupload/1507780981856.png,/mallupload/1507780987451.png,/mallupload/1507781002421.png','美国进口蓝钻石扁桃仁什锦礼盒900g巴旦木坚果大礼包零食品干果','美国原装蓝钻石',268.00,5000,NULL,NULL,NULL,'<img src=\"/mallupload/image/20171012/20171012120522_277.jpg\" alt=\"\" /><img src=\"/mallupload/image/20171012/20171012131646_885.jpg\" alt=\"\" /><img src=\"/mallupload/image/20171012/20171012131732_266.jpg\" alt=\"\" /><img src=\"/mallupload/image/20171012/20171012131906_80.jpg\" alt=\"\" /><img src=\"/mallupload/image/20171012/20171012131929_38.jpg\" alt=\"\" /><img src=\"/mallupload/image/20171012/20171012132101_334.jpg\" alt=\"\" /><img src=\"/mallupload/image/20171012/20171012132241_418.jpg\" alt=\"\" /><img src=\"/mallupload/image/20171012/20171012132300_305.jpg\" alt=\"\" />',NULL,NULL,'ee4a0bd4c43545439652c9c94fb52f9f','1',NULL,0,NULL),
	('640554e89f144d61916f4c7660cad5e7','/mallupload/1500608236033.png,/mallupload/1500608239428.png,/mallupload/1500608241075.png','Apple/苹果 iPhone 7 Plus 移动联通4G智能手机','官网正品',5680.00,54808,NULL,NULL,NULL,'<img src=\"/mallupload/image/20170721/20170721113640_495.jpg\" alt=\"\" /><img src=\"/mallupload/image/20170721/20170721113645_711.jpg\" alt=\"\" />',NULL,NULL,'43763591b7af439aaa962a014d0241de',NULL,NULL,0,NULL),
	('64d376d0f6574ef7b0a8290f5a0d12fd','/mallupload/1507706562464.png,/mallupload/1507706564985.png','咔咔西班牙正品 UT 女士条纹宽松衬衫0665/200','西班牙正品 ',645.00,100,NULL,NULL,NULL,'<p style=\"text-align:center;\">\r\n	<img src=\"/mallupload/image/20171011/20171011152414_261.jpg\" alt=\"\" />\r\n</p>\r\n<p style=\"text-align:center;\">\r\n	<img src=\"http://iego.imory.cn/mallupload/image/20171011/20171011152430_926.jpg\" alt=\"\" /><img src=\"/mallupload/image/20171011/20171011152506_746.jpg\" alt=\"\" />\r\n</p>\r\n<p style=\"text-align:center;\">\r\n	<img src=\"/mallupload/image/20171011/20171011152522_406.jpg\" alt=\"\" />\r\n</p>\r\n<p style=\"text-align:center;\">\r\n	<img src=\"/mallupload/image/20171011/20171011152533_295.jpg\" alt=\"\" />\r\n</p>\r\n<p style=\"text-align:center;\">\r\n	<br />\r\n</p>',NULL,NULL,'5d730275aef241e68c249105030e4ce4',NULL,NULL,0,NULL),
	('66a9d4ee6fc049ef94ec958afc4cc3c2','/mallupload/1500609468996.png','金橡树泰国天然乳胶床垫5cm10cm双人席梦思床垫1.8m',' ',1500.00,100,NULL,NULL,NULL,'<img src=\"/mallupload/image/20170721/20170721115800_226.jpg\" alt=\"\" />',NULL,NULL,'855dec82fc2f4f1f8d46d6e3450f3485',NULL,NULL,0,NULL),
	('66fc5e94005548f3a5c73eaef4e56c72','/mallupload/1507707941929.png,/mallupload/1507707944832.png','西班牙正品 MANGO女士纯色衬衫饰珠翻领上衣13055691','西班牙正品',290.00,500,NULL,NULL,NULL,'<p>\r\n	<p style=\"font-family:tahoma, arial, 宋体, sans-serif;font-size:14px;background-color:#FFFFFF;text-align:center;\">\r\n		<span><strong>MANGO&nbsp;女士系列</strong></span>\r\n	</p>\r\n	<p style=\"font-family:tahoma, arial, 宋体, sans-serif;font-size:14px;background-color:#FFFFFF;text-align:center;\">\r\n		<span style=\"font-family:&quot;\"><strong>材质成分: 100% 棉</strong></span>\r\n	</p>\r\n	<div style=\"text-align:center;\">\r\n	</div>\r\n</p>\r\n<p style=\"text-align:center;\">\r\n	<img src=\"/mallupload/image/20171011/20171011155144_828.jpg\" alt=\"\" /><img src=\"/mallupload/image/20171011/20171011155326_184.jpg\" alt=\"\" />\r\n</p>\r\n<p style=\"text-align:center;\">\r\n	<img src=\"/mallupload/image/20171011/20171011155343_663.jpg\" alt=\"\" />\r\n</p>\r\n<p style=\"text-align:center;\">\r\n	<br />\r\n</p>\r\n<p style=\"text-align:center;\">\r\n	<br />\r\n</p>\r\n<p style=\"text-align:center;\">\r\n	<br />\r\n</p>',NULL,NULL,'5d730275aef241e68c249105030e4ce4',NULL,NULL,0,NULL),
	('7482a5a7f5f34cf9aaa56d54bc950d16','/mallupload/1507634154197.png,/mallupload/1507634159618.png','ALAZANI VALLEY 阿拉扎尼山谷半甜红葡萄酒','格鲁吉亚原装进口',1000.00,4000,NULL,NULL,NULL,'<p style=\"text-align:center;\">\r\n	<img src=\"/mallupload/image/20171010/20171010175857_525.jpg\" alt=\"\" /><img src=\"/mallupload/image/20171010/20171010175907_917.jpg\" alt=\"\" /><img src=\"/mallupload/image/20171010/20171010175918_606.png\" alt=\"\" />\r\n</p>\r\n<p style=\"text-align:center;\">\r\n	<img src=\"/mallupload/image/20171010/20171010193841_97.jpg\" alt=\"\" /><img src=\"/mallupload/image/20171010/20171010175923_14.png\" alt=\"\" />\r\n</p>\r\n<p style=\"text-align:center;\">\r\n	<img src=\"/mallupload/image/20171010/20171010193910_356.png\" alt=\"\" /><img src=\"/mallupload/image/20171010/20171010175929_25.png\" alt=\"\" />\r\n</p>',NULL,NULL,'966e2606d7c54a32bb7bf48686b20260',NULL,NULL,0,NULL),
	('78124781690041d79cc44f39d32057bb','/mallupload/1507715927076.png','THE BEAST/野兽派 亚麻床品四件套 舒适床单被套枕套','亚麻床品四件套',3580.00,200,NULL,NULL,NULL,'<img src=\"/mallupload/image/20171011/20171011180336_340.jpg\" alt=\"\" /><img src=\"/mallupload/image/20171011/20171011180358_444.jpg\" alt=\"\" /><img src=\"/mallupload/image/20171011/20171011180434_263.jpg\" alt=\"\" /><img src=\"/mallupload/image/20171011/20171011180445_106.jpg\" alt=\"\" /><img src=\"/mallupload/image/20171011/20171011180531_304.jpg\" alt=\"\" />',NULL,NULL,'c2c24338b14f48228fa6e103c34ea265',NULL,NULL,0,NULL),
	('78e8cb326a8c4a7bb74f33e299154f5d','/mallupload/1507772707066.png,/mallupload/1507773095789.png',' 德国原装进口 Goufrais高福瑞斯黑松露巧克力 礼盒装32粒/盒250g','丝般感受 温暖你的味蕾 周年店庆',220.00,2330,NULL,NULL,NULL,'<img src=\"/mallupload/image/20171012/20171012095040_556.jpg\" alt=\"\" /><img src=\"/mallupload/image/20171012/20171012095100_494.jpg\" alt=\"\" /><img src=\"/mallupload/image/20171012/20171012095112_152.jpg\" alt=\"\" /><img src=\"/mallupload/image/20171012/20171012095234_137.jpg\" alt=\"\" /><img src=\"/mallupload/image/20171012/20171012095259_832.jpg\" alt=\"\" /><img src=\"/mallupload/image/20171012/20171012095320_734.jpg\" alt=\"\" /><img src=\"/mallupload/image/20171012/20171012095344_252.jpg\" alt=\"\" /><img src=\"/mallupload/image/20171012/20171012095401_287.jpg\" alt=\"\" /><img src=\"/mallupload/image/20171012/20171012095500_190.jpg\" alt=\"\" /><img src=\"/mallupload/image/20171012/20171012095522_629.jpg\" alt=\"\" />',NULL,NULL,'c9df41c555c74d7bae6dde4171040a72',NULL,NULL,0,NULL),
	('7eb0c24106514e02be09c27f0b5f6f81','/mallupload/1507701669176.png,/mallupload/1507701671554.png,/mallupload/1507701673676.png','澳门进口零食品乔凡娜 北海道布朗尼巧克力蛋糕52g2枚入早餐糕点','浓厚的巧克力口味，松软浓密的蛋糕，巧克力浇绘，油滑的奶油，使得这款蛋糕味道口感丰富无论是做为早餐还是午点，或者是外出工作，随身备上一包，都是非常不错的选择。',5.80,100,NULL,NULL,NULL,'<p style=\"text-align:center;\">\r\n	<img src=\"/mallupload/image/20171011/20171011140307_294.jpg\" alt=\"\" /> \r\n</p>\r\n<p style=\"text-align:left;\">\r\n	<span style=\"font-family:微软雅黑;font-size:14px;background-color:#FFFFFF;\">浓厚的巧克力口味，松软浓密的蛋糕，巧克力浇绘，油滑的奶油，使得这款蛋糕味道口感丰富无论是做为早餐还是午点，或者是外出工作，随身备上一包，都是非常不错的选择。</span> \r\n</p>\r\n<p style=\"text-align:center;\">\r\n	<img src=\"/mallupload/image/20171011/20171011140350_83.jpg\" alt=\"\" /> \r\n</p>\r\n<p style=\"text-align:center;\">\r\n	<br />\r\n</p>\r\n<p align=\"left\" style=\"font-family:tahoma, arial, 宋体, sans-serif;font-size:14px;background-color:#FFFFFF;\">\r\n	<span>柔软蓬松的蛋糕，包裹着柔滑奶油，意想不到的美妙口感在嘴里交织，一定要与您的好朋友一起分享哦。</span> \r\n</p>\r\n<p align=\"left\" style=\"font-family:tahoma, arial, 宋体, sans-serif;font-size:14px;background-color:#FFFFFF;\">\r\n	<span>白巧克力与巧克力两种口味选择，一盒2枚入，独立包装。</span> \r\n</p>\r\n<p>\r\n	<br />\r\n</p>\r\n<p style=\"text-align:center;\">\r\n	<img src=\"/mallupload/image/20171011/20171011140217_679.jpg\" alt=\"\" /> \r\n</p>\r\n<p style=\"text-align:center;\">\r\n	<br />\r\n</p>\r\n<p align=\"left\" style=\"font-family:tahoma, arial, 宋体, sans-serif;font-size:14px;background-color:#FFFFFF;\">\r\n	<span>外包装规格：16cmx9.5cmx6cm</span> \r\n</p>\r\n<p align=\"left\" style=\"font-family:tahoma, arial, 宋体, sans-serif;font-size:14px;background-color:#FFFFFF;\">\r\n	<span>营养成份：每100克 能量1980千焦，蛋白质4.0克，脂肪24.9克，碳水化合物57.3克，钠52毫克</span> \r\n</p>\r\n<p align=\"left\" style=\"font-family:tahoma, arial, 宋体, sans-serif;font-size:14px;background-color:#FFFFFF;\">\r\n	<span>【商品品牌】：乔凡娜北海道布朗尼巧克力蛋糕</span> \r\n</p>\r\n<p align=\"left\" style=\"font-family:tahoma, arial, 宋体, sans-serif;font-size:14px;background-color:#FFFFFF;\">\r\n	<span>【保质期限】：6个月</span> \r\n</p>\r\n<p align=\"left\" style=\"font-family:tahoma, arial, 宋体, sans-serif;font-size:14px;background-color:#FFFFFF;\">\r\n	<span>【商品规格】：52g 2枚独立包装</span> \r\n</p>\r\n<p align=\"left\" style=\"font-family:tahoma, arial, 宋体, sans-serif;font-size:14px;background-color:#FFFFFF;\">\r\n	<span>【商品成份】：鸡蛋、小麦粉、白砂糖、奶油、巧克力、奶酪粉、全脂奶粉、乳清粉、仞用盐、食品添加剂（蛋糕速发油、山梨糖醇液、单双硬脂酸甘油脂、丙二醇、聚甘油脂酸）等等</span> \r\n</p>\r\n<p align=\"left\" style=\"font-family:tahoma, arial, 宋体, sans-serif;font-size:14px;background-color:#FFFFFF;\">\r\n	<span>【商品产地】：澳门</span> \r\n</p>\r\n<p align=\"left\" style=\"font-family:tahoma, arial, 宋体, sans-serif;font-size:14px;background-color:#FFFFFF;\">\r\n	<span>【食用方法】：直接食用</span> \r\n</p>\r\n<p align=\"left\" style=\"font-family:tahoma, arial, 宋体, sans-serif;font-size:14px;background-color:#FFFFFF;\">\r\n	<span>【保存方法】：请避免高温潮湿、直射日光，常温保存。</span> \r\n</p>\r\n<p style=\"text-align:center;\">\r\n	<img src=\"/mallupload/image/20171011/20171011140416_151.jpg\" alt=\"\" /> \r\n</p>\r\n<p>\r\n	<br />\r\n</p>\r\n<p>\r\n	<img src=\"/mallupload/image/20171011/20171011140429_190.jpg\" alt=\"\" />\r\n</p>\r\n<p>\r\n	<br />\r\n</p>',NULL,NULL,'408a506213b142b3ae9f39931cde4c11',NULL,NULL,0,NULL),
	('81e9428af9dd46b88dcff4ed9eaeb8fe','/mallupload/1507709392917.png,/mallupload/1507709395934.png','AX Armani Exchange 美国专柜正品 男士修身透气休闲轻便西服外套','AX Armani Exchange 美国专柜正品',498.00,20,NULL,NULL,NULL,'<p>\r\n	<img src=\"http://iego.imory.cn/mallupload/image/20171011/20171011161036_787.jpg\" alt=\"\" /><img src=\"/mallupload/image/20171011/20171011161113_118.jpg\" alt=\"\" /> \r\n</p>\r\n<p>\r\n	<img src=\"/mallupload/image/20171011/20171011161125_515.jpg\" alt=\"\" /> \r\n</p>\r\n<p>\r\n	<img src=\"/mallupload/image/20171011/20171011161137_279.jpg\" alt=\"\" /> \r\n</p>\r\n<p>\r\n	<img src=\"/mallupload/image/20171011/20171011161247_586.jpg\" alt=\"\" /> \r\n</p>\r\n<p>\r\n	<br />\r\n</p>\r\n<p>\r\n	<img src=\"/mallupload/image/20171011/20171011161703_240.jpg\" alt=\"\" />\r\n</p>\r\n<p>\r\n	<img src=\"/mallupload/image/20171011/20171011161724_931.jpg\" alt=\"\" />\r\n</p>\r\n<p>\r\n	<img src=\"/mallupload/image/20171011/20171011161745_227.jpg\" alt=\"\" />\r\n</p>',NULL,NULL,'7da32452361444d99e3e1cc159ecd8ad',NULL,NULL,0,NULL),
	('822d3e73aed44741a8f695fa0db0e1a7','/mallupload/1507635669462.png,/mallupload/1507635678435.png','SAPERAVI萨佩拉维','格鲁吉亚原装进口',168.00,20000,NULL,NULL,NULL,'<p style=\"text-align:center;\">\r\n	<img src=\"/mallupload/image/20171010/20171010175831_930.jpg\" alt=\"\" /> \r\n</p>\r\n<p style=\"text-align:center;\">\r\n	<img src=\"/mallupload/image/20171010/20171010175838_205.jpg\" alt=\"\" /> \r\n</p>\r\n<p style=\"text-align:center;\">\r\n	<img src=\"/mallupload/image/20171010/20171010175930_52.png\" alt=\"\" /> \r\n</p>\r\n<p style=\"text-align:center;\">\r\n	<img src=\"/mallupload/image/20171010/20171010175943_510.jpg\" alt=\"\" /> \r\n</p>\r\n<p style=\"text-align:center;\">\r\n	<img src=\"/mallupload/image/20171010/20171010175950_17.jpg\" alt=\"\" /> \r\n</p>\r\n<p style=\"text-align:center;\">\r\n	<img src=\"/mallupload/image/20171010/20171010175956_657.jpg\" alt=\"\" /> \r\n</p>\r\n<p style=\"text-align:center;\">\r\n	<img src=\"/mallupload/image/20171010/20171010180004_11.png\" alt=\"\" /> \r\n</p>\r\n<p style=\"text-align:center;\">\r\n	<img src=\"/mallupload/image/20171010/20171010193709_193.jpg\" alt=\"\" />\r\n</p>\r\n<p style=\"text-align:center;\">\r\n	<img src=\"/mallupload/image/20171010/20171010180028_51.png\" alt=\"\" /> \r\n</p>',NULL,NULL,'966e2606d7c54a32bb7bf48686b20260',NULL,NULL,0,NULL),
	('85c2fa625f6845949a32a673c676f015','/mallupload/1507707525942.png,/mallupload/1507707529302.png','西班牙正品 UT 女士宽松款荷叶边衬衫0646/200','西班牙正品 ',645.00,80,NULL,NULL,NULL,'<p style=\"text-align:center;\">\r\n	<img src=\"/mallupload/image/20171011/20171011154103_519.jpg\" alt=\"\" />\r\n</p>\r\n<p style=\"text-align:center;\">\r\n	<img src=\"http://iego.imory.cn/mallupload/image/20171011/20171011153958_806.jpg\" alt=\"\" />\r\n</p>\r\n<p style=\"text-align:center;\">\r\n	<img src=\"/mallupload/image/20171011/20171011154014_164.jpg\" alt=\"\" />\r\n</p>\r\n<p style=\"text-align:center;\">\r\n	<img src=\"/mallupload/image/20171011/20171011154028_193.jpg\" alt=\"\" />\r\n</p>\r\n<p style=\"text-align:center;\">\r\n	<br />\r\n</p>\r\n<p style=\"text-align:center;\">\r\n	<br />\r\n</p>',NULL,NULL,'5d730275aef241e68c249105030e4ce4',NULL,NULL,0,NULL),
	('85f4d1b7430046a6943d8d3fac5f2847','/mallupload/1507638545466.png,/mallupload/1507638571349.png','KAKHETIAN NOBLE 卡赫季 贵族','格鲁吉亚原装进口',268.00,430000,NULL,NULL,NULL,'<p style=\"text-align:center;\">\r\n	<img src=\"/mallupload/image/20171010/20171010175958_417.jpg\" alt=\"\" /> \r\n</p>\r\n<p style=\"text-align:center;\">\r\n	<img src=\"/mallupload/image/20171010/20171010180012_652.jpg\" alt=\"\" /> \r\n</p>\r\n<p style=\"text-align:center;\">\r\n	<img src=\"/mallupload/image/20171010/20171010180031_559.png\" alt=\"\" /> \r\n</p>\r\n<p style=\"text-align:center;\">\r\n	<img src=\"/mallupload/image/20171010/20171010180054_310.png\" alt=\"\" /> \r\n</p>\r\n<p style=\"text-align:center;\">\r\n	<img src=\"/mallupload/image/20171010/20171010195942_939.jpg\" alt=\"\" />\r\n</p>\r\n<p style=\"text-align:center;\">\r\n	<img src=\"/mallupload/image/20171010/20171010180122_542.png\" alt=\"\" /> \r\n</p>\r\n<p style=\"text-align:center;\">\r\n	<img src=\"/mallupload/image/20171010/20171010180132_839.png\" alt=\"\" /> \r\n</p>',NULL,NULL,'966e2606d7c54a32bb7bf48686b20260','1',NULL,0,NULL),
	('8771a856aecf4c0293e3a5eba79a2725','/mallupload/1507721594674.png','现代中式实木餐桌小户型客厅餐厅胡桃木长方形原木餐台','现代中式实木',597.50,400,NULL,NULL,NULL,'<p style=\"text-align:center;\">\r\n	<img src=\"/mallupload/image/20171011/20171011193532_975.jpg\" alt=\"\" />\r\n</p>\r\n<p style=\"text-align:center;\">\r\n	<img src=\"/mallupload/image/20171011/20171011194929_127.jpg\" alt=\"\" />\r\n</p>\r\n<p style=\"text-align:center;\">\r\n	<br />\r\n</p>',NULL,NULL,'b67f1ed0e401462eb29d7d2ea72c7e48',NULL,NULL,0,NULL),
	('888b00a53dc844eb81493354939b0e0b','/mallupload/1507779846479.png,/mallupload/1507779848934.png','Mate9现货Huawei/华为 Mate 9全网通4G双卡正品6G+128G蓝色红色','全新正品原封现货',2818.00,7992,NULL,NULL,NULL,'<p style=\"text-align:center;\">\r\n	<img src=\"/mallupload/image/20171012/20171012113458_455.jpg\" alt=\"\" />\r\n</p>\r\n<p style=\"text-align:center;\">\r\n	<img src=\"/mallupload/image/20171012/20171012114222_77.png\" alt=\"\" />\r\n</p>\r\n<p style=\"text-align:center;\">\r\n	<img src=\"/mallupload/image/20171012/20171012114322_646.png\" alt=\"\" />\r\n</p>\r\n<p style=\"text-align:center;\">\r\n	<img src=\"/mallupload/image/20171012/20171012114329_495.png\" alt=\"\" />\r\n</p>\r\n<p style=\"text-align:center;\">\r\n	<img src=\"/mallupload/image/20171012/20171012114335_905.png\" alt=\"\" />\r\n</p>\r\n<p style=\"text-align:center;\">\r\n	<img src=\"/mallupload/image/20171012/20171012114340_555.png\" alt=\"\" />\r\n</p>\r\n<p style=\"text-align:center;\">\r\n	<br />\r\n</p>\r\n<p style=\"text-align:center;\">\r\n</p>',NULL,NULL,'9f28fbea3ccf4b659112cc399b4bb59c',NULL,NULL,0,NULL),
	('8bd54a17f4404271adf48cf72eba5e0a','/mallupload/1507779932995.png,/mallupload/1507780014211.png,/mallupload/1507780036434.png,/mallupload/1507780047014.png','瑞典进口ICA麦片50%水果坚果麦片750g/500g即食早餐谷物进口麦片','多种坚果和麦片',43.90,1198,NULL,NULL,NULL,'<img src=\"/mallupload/image/20171012/20171012115043_88.jpg\" alt=\"\" /><img src=\"/mallupload/image/20171012/20171012115122_825.jpg\" alt=\"\" /><img src=\"/mallupload/image/20171012/20171012115235_847.jpg\" alt=\"\" /><img src=\"/mallupload/image/20171012/20171012115309_671.jpg\" alt=\"\" /><img src=\"/mallupload/image/20171012/20171012115332_142.jpg\" alt=\"\" /><img src=\"/mallupload/image/20171012/20171012115426_16.jpg\" alt=\"\" /><img src=\"/mallupload/image/20171012/20171012115457_926.jpg\" alt=\"\" /><img src=\"/mallupload/image/20171012/20171012115515_91.jpg\" alt=\"\" /><img src=\"/mallupload/image/20171012/20171012115543_390.jpg\" alt=\"\" /><img src=\"/mallupload/image/20171012/20171012115605_235.jpg\" alt=\"\" /><img src=\"/mallupload/image/20171012/20171012115627_841.jpg\" alt=\"\" /><img src=\"/mallupload/image/20171012/20171012115843_763.jpg\" alt=\"\" /><img src=\"/mallupload/image/20171012/20171012115726_603.jpg\" alt=\"\" />',NULL,NULL,'ee4a0bd4c43545439652c9c94fb52f9f',NULL,NULL,0,NULL),
	('8d1c8f183a4c406397a42258b2ee24d7','/mallupload/1507634905403.png,/mallupload/1507634911321.png,/mallupload/1507634919320.png,/mallupload/1507634925183.png,/mallupload/1507636431011.png','MAESTRO 曼斯特','格鲁吉亚原装进口',292.00,50000,NULL,NULL,NULL,'<p style=\"text-align:center;\">\r\n	<img src=\"/mallupload/image/20171010/20171010181605_310.jpg\" alt=\"\" /> \r\n</p>\r\n<p style=\"text-align:center;\">\r\n	<img src=\"/mallupload/image/20171010/20171010181619_684.jpg\" alt=\"\" /> \r\n</p>\r\n<p style=\"text-align:center;\">\r\n	<img src=\"/mallupload/image/20171010/20171010181648_403.png\" alt=\"\" /> \r\n</p>\r\n<p style=\"text-align:center;\">\r\n	<img src=\"/mallupload/image/20171010/20171010200054_442.jpg\" alt=\"\" /> \r\n</p>\r\n<p style=\"text-align:center;\">\r\n	<img src=\"/mallupload/image/20171010/20171010200154_149.png\" alt=\"\" /> \r\n</p>\r\n<p style=\"text-align:center;\">\r\n	<img src=\"/mallupload/image/20171010/20171010181829_235.png\" alt=\"\" /> \r\n</p>\r\n<p style=\"text-align:center;\">\r\n	<img src=\"/mallupload/image/20171010/20171010181905_88.png\" alt=\"\" /> \r\n</p>\r\n<p style=\"text-align:center;\">\r\n	<img src=\"/mallupload/image/20171010/20171010181935_588.png\" alt=\"\" /> \r\n</p>\r\n<p style=\"text-align:center;\">\r\n	<img src=\"/mallupload/image/20171010/20171010181946_611.png\" alt=\"\" /> \r\n</p>\r\n<p style=\"text-align:center;\">\r\n	<img src=\"/mallupload/image/20171010/20171010182158_427.png\" alt=\"\" /> \r\n</p>\r\n<p style=\"text-align:center;\">\r\n	<img src=\"/mallupload/image/20171010/20171010201654_497.png\" alt=\"\" /> \r\n</p>\r\n<p style=\"text-align:center;\">\r\n	<img src=\"/mallupload/image/20171010/20171010182254_590.png\" alt=\"\" /> \r\n</p>\r\n<p style=\"text-align:center;\">\r\n	<img src=\"/mallupload/image/20171010/20171010182307_386.png\" alt=\"\" /> \r\n</p>\r\n<p style=\"text-align:center;\">\r\n	<img src=\"/mallupload/image/20171010/20171010182318_427.png\" alt=\"\" /> \r\n</p>\r\n<p style=\"text-align:center;\">\r\n	<img src=\"/mallupload/image/20171010/20171010182330_640.png\" alt=\"\" /> \r\n</p>',NULL,NULL,'966e2606d7c54a32bb7bf48686b20260',NULL,NULL,0,NULL),
	('8dec8e0bdfb64457b61346cf3a93927b','/mallupload/1507776118203.png,/mallupload/1507776147152.png','意大利费列罗巧克力礼盒装进口 Ferrero Rocher金莎榛仁威化巧克力情人节礼物 30粒/两盒','意大利费列罗巧克力',142.00,240,NULL,NULL,NULL,'<img src=\"/mallupload/image/20171012/20171012104736_972.jpg\" alt=\"\" /><img src=\"/mallupload/image/20171012/20171012104856_305.jpg\" alt=\"\" /><img src=\"/mallupload/image/20171012/20171012104945_901.jpg\" alt=\"\" /><img src=\"/mallupload/image/20171012/20171012105017_326.jpg\" alt=\"\" />',NULL,NULL,'c9df41c555c74d7bae6dde4171040a72',NULL,NULL,0,NULL),
	('8e579d72fd024e23871b37a97bc67991','/mallupload/1507779130993.png,/mallupload/1507779140769.png','美国进口零食Savanna蜂蜜香烤混合坚果仁850g罐装山核桃夏威夷果','内含扁桃仁 腰果 碧根果 花生',179.90,9925,NULL,NULL,NULL,'<img src=\"/mallupload/image/20171012/20171012113634_559.jpg\" alt=\"\" /><img src=\"/mallupload/image/20171012/20171012113704_943.jpg\" alt=\"\" /><img src=\"/mallupload/image/20171012/20171012114057_578.jpg\" alt=\"\" /><img src=\"/mallupload/image/20171012/20171012114147_324.jpg\" alt=\"\" /><img src=\"/mallupload/image/20171012/20171012114224_243.jpg\" alt=\"\" />',NULL,NULL,'ee4a0bd4c43545439652c9c94fb52f9f',NULL,NULL,0,NULL),
	('8e641b8d6fca41d5b113c8cb745a3f85','/mallupload/1507712168960.png','水星家纺 全棉磨毛活性印花四件套 欧利西斯 磨毛套件床上四件套','全棉磨毛面料 滚绳包边工艺 圆角卷边工艺',599.00,4000,NULL,NULL,NULL,'<p>\r\n	<img src=\"/mallupload/image/20171011/20171011165914_234.jpg\" alt=\"\" />\r\n</p>\r\n<p>\r\n	<img src=\"/mallupload/image/20171011/20171011165937_548.jpg\" alt=\"\" /><img src=\"/mallupload/image/20171011/20171011170005_259.jpg\" alt=\"\" />\r\n</p>',NULL,NULL,'c2c24338b14f48228fa6e103c34ea265',NULL,NULL,0,NULL),
	('92eaf578edd44d8095807f8366c4371a','/mallupload/1500607322411.png','Apple iPhone 6 32GB 移动联通电信4G手机',' ',3878.00,2000,NULL,NULL,NULL,'<p style=\"color:#5A5A5A;font-family:微软雅黑;font-size:16px;background-color:#F0F0F0;\">\r\n	4.7 英寸（对角线）显示屏，1334 x 750 分辨率<br />\r\n配备 Focus Pixels 和 True Tone 闪光灯的 800 万像素摄像头<br />\r\n配备 M8 运动协处理器的 A8 芯片 <br />\r\n1080p HD 视频拍摄 (60 fps) 以及慢动作视频拍摄 (240 fps)<br />\r\nFaceTime HD 摄像头 <br />\r\nTouch ID 指纹识别传感器 <br />\r\n4G LTE和 802.11ac 无线网络\r\n</p>\r\n<p style=\"color:#5A5A5A;font-family:微软雅黑;font-size:16px;background-color:#F0F0F0;\">\r\n	<strong>法律免责声明</strong><br />\r\n4G LTE Advanced 和 4G LTE 功能适用于特定国家或地区的特定运营商。速度依据理论上的数据吞吐量，并会因现场状况和不同运营商而可能有所差异。有关 4G LTE 支持的详情，请联系你的运营商并查看 www.apple.com/iphone/LTE。 <br />\r\n电池使用时间依使用情况和设置的不同可能有所差异；请参阅 www.apple.com/cn/batteries 进一步了解详情。\r\n</p>',NULL,NULL,'43763591b7af439aaa962a014d0241de',NULL,NULL,0,NULL),
	('94f7fcb254f64fb6b1ff9e2081b2ccf0','/mallupload/1507780111304.png,/mallupload/1507780114367.png,/mallupload/1507780117424.png,/mallupload/1507780119259.png','【新品上市】Huawei/华为 麦芒6 全面屏四镜头智能4G全网通手机','5\'9英寸全面屏 前后双摄四镜头',2399.00,1000,NULL,NULL,NULL,'<p style=\"text-align:center;\">\r\n	<img src=\"/mallupload/image/20171012/20171012115021_51.jpg\" alt=\"\" />\r\n</p>\r\n<p style=\"text-align:center;\">\r\n	<img src=\"/mallupload/image/20171012/20171012115048_380.jpg\" alt=\"\" />\r\n</p>\r\n<p style=\"text-align:center;\">\r\n	<img src=\"/mallupload/image/20171012/20171012115108_596.jpg\" alt=\"\" />\r\n</p>\r\n<p style=\"text-align:center;\">\r\n	<img src=\"/mallupload/image/20171012/20171012115129_682.jpg\" alt=\"\" />\r\n</p>\r\n<p style=\"text-align:center;\">\r\n	<img src=\"/mallupload/image/20171012/20171012115146_734.jpg\" alt=\"\" />\r\n</p>\r\n<p style=\"text-align:center;\">\r\n	<br />\r\n</p>\r\n<p style=\"text-align:center;\">\r\n	<img src=\"/mallupload/image/20171012/20171012115200_559.jpg\" alt=\"\" />\r\n</p>\r\n<p style=\"text-align:center;\">\r\n	<img src=\"/mallupload/image/20171012/20171012115216_478.jpg\" alt=\"\" />\r\n</p>',NULL,NULL,'9f28fbea3ccf4b659112cc399b4bb59c',NULL,NULL,0,NULL),
	('980e6d2e32e04e84afb593e34cbab5e3','/mallupload/1507707076284.png,/mallupload/1507707079080.png','西班牙正品 MD 女士条纹丝质衬衫5106508','西班牙正品',480.00,80,NULL,NULL,NULL,'<p>\r\n	<img src=\"/mallupload/image/20171011/20171011153229_542.jpg\" alt=\"\" />\r\n</p>\r\n<p>\r\n	<img src=\"/mallupload/image/20171011/20171011153240_311.jpg\" alt=\"\" />\r\n</p>\r\n<p>\r\n	<img src=\"/mallupload/image/20171011/20171011153313_420.jpg\" alt=\"\" />\r\n</p>\r\n<p>\r\n	<br />\r\n</p>\r\n<p>\r\n	<br />\r\n</p>\r\n<p>\r\n	<br />\r\n</p>',NULL,NULL,'5d730275aef241e68c249105030e4ce4',NULL,NULL,0,NULL),
	('a77174a95d544bdbae9942d941a8ea5a','/mallupload/1507703032749.png,/mallupload/1507703151656.png,/mallupload/1507703153503.png','澳门进口零食品乔凡娜 马卡龙抹茶/奶酪/果粒蛋糕68g点心早餐糕点','今天由日本烘焙吉田君为你带上做不一样的马卡龙，两片鸡蛋做的蛋糕，乳香浓郁，入口松软，三种口味可供选择：果粒、奶酪、抹茶。专为儿童设计三种卡通动漫元素包装，讨喜又美味。',9.80,600,NULL,NULL,NULL,'<p>\r\n	<img src=\"http://iego.imory.cn/mallupload/image/20171011/20171011142656_218.jpg\" alt=\"\" /><img src=\"/mallupload/image/20171011/20171011142727_264.jpg\" alt=\"\" />\r\n</p>\r\n<p>\r\n	<span style=\"font-family:微软雅黑;font-size:14px;background-color:#FFFFFF;\">乔凡娜马卡龙不一样的马卡龙，两片鸡蛋做的蛋糕，乳香浓郁，入口松软，三种口味可供选择：果粒、奶酪、抹茶。专为儿童设计三种卡通动漫元素包装，讨喜又美味。</span>\r\n</p>\r\n<p>\r\n	<img src=\"/mallupload/image/20171011/20171011142814_274.jpg\" alt=\"\" />\r\n</p>\r\n<p>\r\n	<br />\r\n</p>\r\n<p>\r\n	<p align=\"left\" style=\"font-family:tahoma, arial, 宋体, sans-serif;font-size:14px;background-color:#FFFFFF;\">\r\n		<span>蛋糕的口感细腻而绵密，松软丝滑并且新鲜美味，潮湿和口感都是法式三明治糕点品质享受。</span>\r\n	</p>\r\n	<p align=\"left\" style=\"font-family:tahoma, arial, 宋体, sans-serif;font-size:14px;background-color:#FFFFFF;\">\r\n		<span>外包装规格：18cmx15cmx4cm</span>\r\n	</p>\r\n	<p align=\"left\" style=\"font-family:tahoma, arial, 宋体, sans-serif;font-size:14px;background-color:#FFFFFF;\">\r\n		<span>营养成份：每100克 能量2234千焦，蛋白质9.0克，脂肪29.35克，碳水化合物58.3克，钠647毫克</span>\r\n	</p>\r\n	<p align=\"left\" style=\"font-family:tahoma, arial, 宋体, sans-serif;font-size:14px;background-color:#FFFFFF;\">\r\n		<span>【商品品牌】：乔凡娜马卡龙抹茶/奶酪/果粒蛋糕</span>\r\n	</p>\r\n	<p align=\"left\" style=\"font-family:tahoma, arial, 宋体, sans-serif;font-size:14px;background-color:#FFFFFF;\">\r\n		<span>【保质期限】：12个月</span>\r\n	</p>\r\n	<p align=\"left\" style=\"font-family:tahoma, arial, 宋体, sans-serif;font-size:14px;background-color:#FFFFFF;\">\r\n		<span>【商品规格】：68g</span>\r\n	</p>\r\n	<p align=\"left\" style=\"font-family:tahoma, arial, 宋体, sans-serif;font-size:14px;background-color:#FFFFFF;\">\r\n		<span>【商品成份】：鸡蛋、小麦粉、白砂糖、奶油、巧克力、奶酪粉、全脂奶粉、乳清粉、仞用盐、食品添加剂（蛋糕速发油、山梨糖醇液、单双硬脂酸甘油脂、丙二醇、聚甘油脂酸）等等</span>\r\n	</p>\r\n	<p align=\"left\" style=\"font-family:tahoma, arial, 宋体, sans-serif;font-size:14px;background-color:#FFFFFF;\">\r\n		<span>【商品产地】：澳门</span>\r\n	</p>\r\n	<p align=\"left\" style=\"font-family:tahoma, arial, 宋体, sans-serif;font-size:14px;background-color:#FFFFFF;\">\r\n		<span>【食用方法】：直接食用</span>\r\n	</p>\r\n	<p align=\"left\" style=\"font-family:tahoma, arial, 宋体, sans-serif;font-size:14px;background-color:#FFFFFF;\">\r\n		<span>【保存方法】：请避免高温潮湿、直射日光，常温保存。</span>\r\n	</p>\r\n	<div>\r\n		<span><img src=\"/mallupload/image/20171011/20171011142859_933.jpg\" alt=\"\" /><br />\r\n</span>\r\n	</div>\r\n</p>\r\n<p>\r\n	<img src=\"/mallupload/image/20171011/20171011142919_48.jpg\" alt=\"\" />\r\n</p>\r\n<p>\r\n	<br />\r\n</p>\r\n<p>\r\n	<img src=\"/mallupload/image/20171011/20171011143000_954.jpg\" alt=\"\" />\r\n</p>\r\n<p>\r\n	<br />\r\n</p>',NULL,NULL,'408a506213b142b3ae9f39931cde4c11',NULL,NULL,0,NULL),
	('ac685d5918df4bc1bfe2a08a7eed0bd0','/mallupload/1507704364301.png,/mallupload/1507704367260.png','马来西亚 福多FUDO提拉米苏西式蛋糕432g/24枚早餐糕点进口零食品','进口零食',19.90,200,NULL,NULL,NULL,'<p>\r\n	<br />\r\n</p>\r\n<p>\r\n	<img src=\"http://iego.imory.cn/mallupload/image/20171011/20171011145923_988.jpg\" alt=\"\" />\r\n</p>\r\n<p>\r\n	<img src=\"/mallupload/image/20171011/20171011145851_400.jpg\" alt=\"\" />\r\n</p>',NULL,NULL,'408a506213b142b3ae9f39931cde4c11',NULL,NULL,0,NULL),
	('b04e57c3bc76406a9e9f4ad7f49d595b','/mallupload/1507715241774.png,/mallupload/1507716590515.png','THE BEAST/野兽派 小雨点提花埃及棉床品四件套 经典舒适枕套被套','小雨点提花埃及棉床品四件套',790.00,400,NULL,NULL,NULL,'<img src=\"/mallupload/image/20171011/20171011175317_658.jpg\" alt=\"\" /><img src=\"/mallupload/image/20171011/20171011175336_326.jpg\" alt=\"\" /><img src=\"/mallupload/image/20171011/20171011175449_326.jpg\" alt=\"\" /><img src=\"/mallupload/image/20171011/20171011175355_429.jpg\" alt=\"\" /><img src=\"/mallupload/image/20171011/20171011175514_463.png\" alt=\"\" />',NULL,NULL,'c2c24338b14f48228fa6e103c34ea265',NULL,NULL,0,NULL),
	('b4c6f995113c4b788979076c96059ed3','/mallupload/1507703820798.png,/mallupload/1507703890723.png','日本进口零食 三立奶油抹茶巧克力夹心薄酥饼干糕点休闲食品*3盒','日本有名的饼干品牌，三立制作的非常松脆的一款巧克力酥脆饼干，这款中间是抹茶巧克力，一口咬下去，就能尝到丰富的抹茶清香口味，值得回味，入口即化的感觉，回味悠长~',39.00,800,NULL,NULL,NULL,'<p style=\"font-family:tahoma, arial, 宋体, sans-serif;font-size:14px;background-color:#FFFFFF;\">\r\n	<span style=\"color:#FF9900;font-family:&quot;font-size:18px;\">一款大家并不陌生的曲奇饼干，一提到三立都会想到它家的饼干。日本三立是日本大型的食品生产企业，所生产的产品比较高端，走的都是商场路线，因此在商场都能见到它的身影，售价嘛，当然不用说啦，死贵，呵呵。</span>\r\n</p>\r\n<p style=\"font-family:tahoma, arial, 宋体, sans-serif;font-size:14px;background-color:#FFFFFF;\">\r\n	<span style=\"color:#FF9900;font-family:&quot;font-size:18px;\">日本有名的饼干品牌，三立制作的非常松脆的一款巧克力酥脆饼干，这款中间是抹茶巧克力，一口咬下去，就能尝到丰富的抹茶清香口味，值得回味，入口即化的感觉，回味悠长~</span>\r\n</p>\r\n<p style=\"font-family:tahoma, arial, 宋体, sans-serif;font-size:14px;background-color:#FFFFFF;\">\r\n	<span style=\"color:#FF9900;font-family:&quot;font-size:18px;\"><strong>PS：由于日本零食的包装更换频繁，亲们请以实际收到的包装为准~</strong></span>\r\n</p>\r\n<p style=\"font-family:tahoma, arial, 宋体, sans-serif;font-size:14px;background-color:#FFFFFF;\">\r\n	<span style=\"color:#FF9900;font-family:&quot;font-size:18px;\"><strong><img src=\"/mallupload/image/20171011/20171011144014_713.jpg\" alt=\"\" /></strong></span><strong><img src=\"/mallupload/image/20171011/20171011144101_724.jpg\" alt=\"\" /></strong>\r\n</p>\r\n<p style=\"font-family:tahoma, arial, 宋体, sans-serif;font-size:14px;background-color:#FFFFFF;\">\r\n	<span style=\"color:#FF9900;font-family:&quot;font-size:18px;\"><strong><img src=\"/mallupload/image/20171011/20171011144147_991.jpg\" alt=\"\" /><br />\r\n</strong></span>\r\n</p>\r\n<p style=\"font-family:tahoma, arial, 宋体, sans-serif;font-size:14px;background-color:#FFFFFF;\">\r\n	<span style=\"color:#FF9900;font-family:&quot;font-size:18px;\"><strong><img src=\"/mallupload/image/20171011/20171011144249_275.jpg\" alt=\"\" /><br />\r\n</strong></span>\r\n</p>\r\n<p style=\"font-family:tahoma, arial, 宋体, sans-serif;font-size:14px;background-color:#FFFFFF;\">\r\n	<span style=\"color:#FF9900;font-family:&quot;font-size:18px;\"><strong><br />\r\n</strong></span>\r\n</p>',NULL,NULL,'408a506213b142b3ae9f39931cde4c11',NULL,NULL,0,NULL),
	('b92420d6b2484b778e8b2829955a5dfa','/mallupload/1507724486209.png,/mallupload/1507724536979.png','北欧全实木沙发组合简约现代小户型双人三人沙发客厅家具','北欧全实木',2373.75,400,NULL,NULL,NULL,'<p style=\"text-align:center;\">\r\n	<img src=\"/mallupload/image/20171011/20171011202236_613.jpg\" alt=\"\" />\r\n</p>\r\n<p style=\"text-align:center;\">\r\n	<img src=\"/mallupload/image/20171011/20171011202252_503.jpg\" alt=\"\" />\r\n</p>\r\n<p style=\"text-align:center;\">\r\n	<img src=\"/mallupload/image/20171011/20171011202302_454.jpg\" alt=\"\" />\r\n</p>\r\n<p style=\"text-align:center;\">\r\n	<img src=\"/mallupload/image/20171011/20171011202313_317.jpg\" alt=\"\" />\r\n</p>\r\n<p style=\"text-align:center;\">\r\n	<img src=\"/mallupload/image/20171011/20171011202341_895.jpg\" alt=\"\" />\r\n</p>\r\n<p style=\"text-align:center;\">\r\n	<br />\r\n</p>',NULL,NULL,'b67f1ed0e401462eb29d7d2ea72c7e48',NULL,NULL,0,NULL),
	('ccfd695d53cb41ae9f39e83695657584','/mallupload/1507787070754.png','Apple/苹果 13 英寸 MacBook Pro 2.3GHz 处理器 128GB 存储容量','128GB 存储容量',10288.00,200,NULL,NULL,NULL,'<p style=\"text-align:center;\">\r\n	<img src=\"http://iego.imory.cn/mallupload/image/20171012/20171012134255_277.jpg\" alt=\"\" /><img src=\"/mallupload/image/20171012/20171012134321_834.jpg\" alt=\"\" />\r\n</p>\r\n<p style=\"text-align:center;\">\r\n	<img src=\"/mallupload/image/20171012/20171012134340_486.jpg\" alt=\"\" />\r\n</p>\r\n<p style=\"text-align:center;\">\r\n	<br />\r\n</p>\r\n<p style=\"text-align:center;\">\r\n	<br />\r\n</p>',NULL,NULL,'43763591b7af439aaa962a014d0241de',NULL,NULL,0,NULL),
	('cd34d6ce70c546af899ea176cb2be9cf','/mallupload/1507774939347.png,/mallupload/1507774974867.png,/mallupload/1507775012339.png','日本明治巧克力meiji明治日本本土明治钢琴巧克力 明治黑巧克力味2盒120g','meiji明治日本本土明治钢琴巧克力',55.00,600,NULL,NULL,NULL,'<img src=\"/mallupload/image/20171012/20171012100508_482.jpg\" alt=\"\" /><img src=\"/mallupload/image/20171012/20171012100522_750.jpg\" alt=\"\" />',NULL,NULL,'c9df41c555c74d7bae6dde4171040a72',NULL,NULL,0,NULL),
	('cf018f743e774be2b32d5084e111e832','/mallupload/1507712379769.png,/mallupload/1507712383654.png','西班牙 MD男士限量版修身款人字斜纹羊毛西装外套2010327','西班牙',1580.00,700,NULL,NULL,NULL,'<p style=\"text-align:left;font-family:tahoma, arial, 宋体, sans-serif;font-size:14px;background-color:#FFFFFF;\">\r\n	<span style=\"font-size:16px;\"><span style=\"font-size:16px;\">材质：</span></span>\r\n</p>\r\n<p style=\"text-align:left;font-family:tahoma, arial, 宋体, sans-serif;font-size:14px;background-color:#FFFFFF;\">\r\n	<span style=\"font-size:16px;\"><span style=\"font-size:16px;\">外部： 羊毛 52%,棉 31%,锦纶 15%,其他纤维 2%</span></span> \r\n</p>\r\n<p style=\"font-family:tahoma, arial, 宋体, sans-serif;font-size:14px;background-color:#FFFFFF;text-align:center;\">\r\n	<span style=\"font-family:;\"></span> \r\n</p>\r\n<p style=\"text-align:left;font-family:tahoma, arial, 宋体, sans-serif;font-size:14px;background-color:#FFFFFF;\">\r\n	<span style=\"font-size:16px;\"><span style=\"font-size:16px;\">衬里 ：粘纤 100%</span></span> \r\n</p>\r\n<p style=\"font-family:tahoma, arial, 宋体, sans-serif;font-size:14px;background-color:#FFFFFF;text-align:center;\">\r\n	<span style=\"font-family:;\"></span> \r\n</p>\r\n<p style=\"text-align:left;font-family:tahoma, arial, 宋体, sans-serif;font-size:14px;background-color:#FFFFFF;\">\r\n	<span style=\"font-size:16px;\"><span style=\"font-size:16px;\">卓越非凡的服饰是完美品味的体现。人字斜纹西装外套，由意大利原产的羊毛面料制成。修身剪裁，扣眼饰凹口翻领，通过两粒纽扣开合，两个侧贴袋，前胸一个嵌入式口袋，缀四粒扣袖口衣袖，后身双开叉，含内衬层和多个内口袋。此服装 50 号的背面长度是 74 厘米，属于限量版专属系列</span></span> \r\n</p>\r\n<p style=\"font-family:tahoma, arial, 宋体, sans-serif;font-size:14px;background-color:#FFFFFF;text-align:center;\">\r\n	<span style=\"font-family:;\"><span style=\"font-size:18px;\"><img src=\"/mallupload/image/20171011/20171011170018_702.jpg\" alt=\"\" /><br />\r\n</span></span> \r\n</p>\r\n<p style=\"font-family:tahoma, arial, 宋体, sans-serif;font-size:14px;background-color:#FFFFFF;text-align:center;\">\r\n	<span style=\"font-family:;\"><span style=\"font-size:18px;\"><img src=\"/mallupload/image/20171011/20171011170028_433.jpg\" alt=\"\" /><br />\r\n</span></span> \r\n</p>\r\n<p style=\"font-family:tahoma, arial, 宋体, sans-serif;font-size:14px;background-color:#FFFFFF;text-align:center;\">\r\n	<span style=\"font-family:;\"><span style=\"font-size:18px;\"><img src=\"/mallupload/image/20171011/20171011170036_50.jpg\" alt=\"\" /><br />\r\n</span></span> \r\n</p>\r\n<p style=\"font-family:tahoma, arial, 宋体, sans-serif;font-size:14px;background-color:#FFFFFF;text-align:center;\">\r\n	<span style=\"font-family:;\"><span style=\"font-size:18px;\"><img src=\"/mallupload/image/20171011/20171011170049_642.jpg\" alt=\"\" /><br />\r\n</span></span> \r\n</p>\r\n<p style=\"font-family:tahoma, arial, 宋体, sans-serif;font-size:14px;background-color:#FFFFFF;text-align:center;\">\r\n	<br />\r\n</p>',NULL,NULL,'7da32452361444d99e3e1cc159ecd8ad',NULL,NULL,0,NULL),
	('d06bc72e19df4e6b804c84282b224ace','/mallupload/1507714086590.png,/mallupload/1507714179042.png,/mallupload/1507714192680.png','THE BEAST/野兽派 月夜下的舞曲埃及棉床品四件套 5尺/6尺','月夜下的舞曲埃及棉床品四件套',699.00,800,NULL,NULL,NULL,'<img src=\"/mallupload/image/20171011/20171011173103_763.jpg\" alt=\"\" /><img src=\"/mallupload/image/20171011/20171011174048_877.jpg\" alt=\"\" /><img src=\"/mallupload/image/20171011/20171011174109_255.jpg\" alt=\"\" /><img src=\"/mallupload/image/20171011/20171011173116_146.jpg\" alt=\"\" /><img src=\"/mallupload/image/20171011/20171011173132_306.jpg\" alt=\"\" /><img src=\"/mallupload/image/20171011/20171011173746_347.jpg\" alt=\"\" /><img src=\"/mallupload/image/20171011/20171011174229_996.jpg\" alt=\"\" />',NULL,NULL,'c2c24338b14f48228fa6e103c34ea265',NULL,NULL,0,NULL),
	('d30970fc41564459b0c33e6348a8e81f','/mallupload/1507713386216.png','水星家纺 四件套 约克公爵 丝绵双人秋冬套件 床上用品','舒适双人套件',2699.00,2000,NULL,NULL,NULL,'<img src=\"/mallupload/image/20171011/20171011171822_202.jpg\" alt=\"\" /><img src=\"/mallupload/image/20171011/20171011172116_716.jpg\" alt=\"\" /><img src=\"/mallupload/image/20171011/20171011172121_721.jpg\" alt=\"\" /><img src=\"/mallupload/image/20171011/20171011172306_892.jpg\" alt=\"\" />',NULL,NULL,'c2c24338b14f48228fa6e103c34ea265',NULL,NULL,0,NULL),
	('d82b4410735940f39a9b3ce670b100f6','/mallupload/1507775993042.png,/mallupload/1507787145666.png','瑞士原装进口【巧克力与爱】有机黑巧克力 ','告知：发货采用保温袋及冰袋包装，但国内天气炎热，不保证巧克力一定不会融化，融化不退换请谅解',52.00,1500,NULL,NULL,NULL,'<img src=\"/mallupload/image/20171012/20171012103609_180.jpg\" alt=\"\" /><img src=\"/mallupload/image/20171012/20171012103650_145.jpg\" alt=\"\" /><img src=\"/mallupload/image/20171012/20171012103713_453.jpg\" alt=\"\" /><img src=\"/mallupload/image/20171012/20171012103736_19.jpg\" alt=\"\" />',NULL,NULL,'c9df41c555c74d7bae6dde4171040a72',NULL,NULL,0,NULL),
	('daff6ee0423846b5b62abf46357c6428','/mallupload/1507634686668.png','TSINANDALI 茨南达利','格鲁吉亚原装进口',450.00,5000,NULL,NULL,NULL,'<p style=\"text-align:center;\">\r\n	<img src=\"/mallupload/image/20171010/20171010173306_338.jpg\" alt=\"\" />\r\n</p>\r\n<p style=\"text-align:center;\">\r\n	<img src=\"/mallupload/image/20171010/20171010173355_587.jpg\" alt=\"\" />\r\n</p>\r\n<p style=\"text-align:center;\">\r\n	<img src=\"/mallupload/image/20171010/20171010173450_106.png\" alt=\"\" />\r\n</p>\r\n<p style=\"text-align:center;\">\r\n	<img src=\"/mallupload/image/20171010/20171010173506_924.png\" alt=\"\" />\r\n</p>\r\n<p style=\"text-align:center;\">\r\n	<br />\r\n</p>\r\n<p style=\"text-align:center;\">\r\n	<img src=\"/mallupload/image/20171010/20171010173524_380.png\" alt=\"\" />\r\n</p>',NULL,NULL,'966e2606d7c54a32bb7bf48686b20260','1',NULL,0,NULL),
	('e085bde73f9c4e1f910a62504491882a','/mallupload/1507786408383.png,/mallupload/1507786414393.png,/mallupload/1507786416729.png,/mallupload/1507786418530.png,/mallupload/1507786420563.png','Apple/苹果 iPhone 7','全国联保',4588.00,400,NULL,NULL,NULL,'<p style=\"text-align:center;\">\r\n	<img src=\"/mallupload/image/20171012/20171012133817_473.jpg\" alt=\"\" />\r\n</p>\r\n<p style=\"text-align:center;\">\r\n	<img src=\"http://iego.imory.cn/mallupload/image/20171012/20171012133848_940.jpg\" alt=\"\" /><img src=\"/mallupload/image/20171012/20171012134024_209.jpg\" alt=\"\" />\r\n</p>\r\n<p style=\"text-align:center;\">\r\n	<br />\r\n</p>\r\n<p style=\"text-align:center;\">\r\n	<br />\r\n</p>\r\n<p style=\"text-align:center;\">\r\n	<br />\r\n</p>',NULL,NULL,'43763591b7af439aaa962a014d0241de',NULL,NULL,0,NULL),
	('e5d402e681d1467da31ef45823624e3a','/mallupload/1507702468332.png,/mallupload/1507702470588.png,/mallupload/1507702472756.png','菲律宾进口零食MONDE道吉草奶油夹心泡芙脆皮膨化食品西式糕点25g','小小的千层泡芙有着空气感的酥脆，炼乳奶油被填充在里面，酥脆之后柔滑的奶油透入整个口腔。吃起来的感觉就是外酥内软，好吃到停不下口！脆脆的馅饼外皮包裹着满满的奶油夹心，香甜酥脆，余味悠长，让人欲罢不能。',6.80,100,NULL,NULL,NULL,'<p>\r\n	<span style=\"color:#FF9900;font-family:&quot;font-size:18px;background-color:#FFFFFF;\">小小的千层泡芙有着空气感的酥脆，炼乳奶油被填充在里面，酥脆之后柔滑的奶油透入整个口腔。吃起来的感觉就是外酥内软，好吃到停不下口！脆脆的馅饼外皮包裹着满满的奶油夹心，香甜酥脆，余味悠长，让人欲罢不能。</span>\r\n</p>\r\n<p>\r\n	<span style=\"color:#FF9900;font-family:&quot;font-size:18px;background-color:#FFFFFF;\"><img src=\"/mallupload/image/20171011/20171011141725_279.jpg\" alt=\"\" /><br />\r\n</span>\r\n</p>\r\n<p>\r\n	<span style=\"color:#FF9900;font-family:&quot;font-size:18px;background-color:#FFFFFF;\"><img src=\"/mallupload/image/20171011/20171011141738_20.jpg\" alt=\"\" /><br />\r\n</span>\r\n</p>\r\n<p>\r\n	<span style=\"color:#FF9900;font-family:&quot;font-size:18px;background-color:#FFFFFF;\"><img src=\"/mallupload/image/20171011/20171011141759_16.jpg\" alt=\"\" /><br />\r\n</span>\r\n</p>\r\n<p>\r\n	<span style=\"color:#FF9900;font-family:&quot;font-size:18px;background-color:#FFFFFF;\"><img src=\"/mallupload/image/20171011/20171011141830_32.jpg\" alt=\"\" /><br />\r\n</span>\r\n</p>\r\n<p>\r\n	<span style=\"color:#FF9900;font-family:&quot;font-size:18px;background-color:#FFFFFF;\"><img src=\"/mallupload/image/20171011/20171011141924_156.jpg\" alt=\"\" /><br />\r\n</span>\r\n</p>\r\n<p>\r\n	<span style=\"color:#FF9900;font-family:&quot;font-size:18px;background-color:#FFFFFF;\"><br />\r\n</span>\r\n</p>',NULL,NULL,'408a506213b142b3ae9f39931cde4c11',NULL,NULL,0,NULL),
	('ea0cfa66331f41ec81dc4c17106e9c36','/mallupload/1507709031802.png,/mallupload/1507709034652.png','Armani Jeans AJ 阿玛尼 男士针织休闲西服西装外套 6Y6EA9 6MFMZ','Armani Jeans',1420.00,40,NULL,NULL,NULL,'<p>\r\n	<img src=\"http://iego.imory.cn/mallupload/image/20171011/20171011160512_279.jpg\" alt=\"\" /><img src=\"/mallupload/image/20171011/20171011160528_278.jpg\" alt=\"\" />\r\n</p>\r\n<p>\r\n	<img src=\"http://iego.imory.cn/mallupload/image/20171011/20171011160554_476.jpg\" alt=\"\" />\r\n</p>\r\n<p>\r\n	<img src=\"/mallupload/image/20171011/20171011160612_940.jpg\" alt=\"\" />\r\n</p>',NULL,NULL,'7da32452361444d99e3e1cc159ecd8ad',NULL,NULL,0,NULL),
	('fe0d23068ab84319ad9ae4fa955b01e8','/mallupload/1507786035717.png','韩国进口奶酪巴旦木扁桃仁休闲零食800g/桶','巴旦木扁桃仁',218.00,50,NULL,NULL,NULL,'<img src=\"/mallupload/image/20171012/20171012133036_271.jpg\" alt=\"\" /><img src=\"/mallupload/image/20171012/20171012133049_42.jpg\" alt=\"\" /><img src=\"/mallupload/image/20171012/20171012133118_124.jpg\" alt=\"\" /><img src=\"/mallupload/image/20171012/20171012133131_572.jpg\" alt=\"\" /><img src=\"/mallupload/image/20171012/20171012133150_499.jpg\" alt=\"\" /><img src=\"/mallupload/image/20171012/20171012133209_403.jpg\" alt=\"\" /><img src=\"/mallupload/image/20171012/20171012133250_688.jpg\" alt=\"\" /><img src=\"/mallupload/image/20171012/20171012133318_435.jpg\" alt=\"\" /><img src=\"/mallupload/image/20171012/20171012133338_638.jpg\" alt=\"\" /><img src=\"/mallupload/image/20171012/20171012133416_855.jpg\" alt=\"\" /><img src=\"/mallupload/image/20171012/20171012133435_823.jpg\" alt=\"\" /><img src=\"/mallupload/image/20171012/20171012133535_463.jpg\" alt=\"\" /><img src=\"/mallupload/image/20171012/20171012133557_572.jpg\" alt=\"\" />',NULL,NULL,'ee4a0bd4c43545439652c9c94fb52f9f',NULL,NULL,0,NULL);

/*!40000 ALTER TABLE `shop_goods` ENABLE KEYS */;
UNLOCK TABLES;


# Dump of table shop_grade
# ------------------------------------------------------------

DROP TABLE IF EXISTS `shop_grade`;

CREATE TABLE `shop_grade` (
  `GRADE_ID` varchar(100) NOT NULL,
  `INTEGRAL_COUNT` int(11) DEFAULT NULL COMMENT '积分',
  `CALL_NAME` varchar(255) DEFAULT NULL COMMENT '称呼',
  `ADDTIME` varchar(255) DEFAULT NULL,
  PRIMARY KEY (`GRADE_ID`)
) ENGINE=InnoDB DEFAULT CHARSET=utf8;

LOCK TABLES `shop_grade` WRITE;
/*!40000 ALTER TABLE `shop_grade` DISABLE KEYS */;

INSERT INTO `shop_grade` (`GRADE_ID`, `INTEGRAL_COUNT`, `CALL_NAME`, `ADDTIME`)
VALUES
	('0cafb388111e4f189c2a6cfd75b574cd',500,'夺宝小将','2'),
	('10c6f2a67e7348689e49f90c9a6434c9',2000,'夺宝上将','2017-03-14 17:37:00'),
	('3037a1704c3f46d08aaceafa70d184dc',10000,'夺宝元帅','2017-03-14 17:38:02'),
	('45680853400341289bd2a26aa70385c8',5000,'夺宝大将','2017-03-14 17:37:13'),
	('565a1ee7ac94469dbfec941452c06aea',100,'夺宝新手','1'),
	('d31e53bad28540f38aa0fce085ba9b91',1000,'夺宝中将','2017-03-14 17:36:48');

/*!40000 ALTER TABLE `shop_grade` ENABLE KEYS */;
UNLOCK TABLES;


# Dump of table shop_information
# ------------------------------------------------------------

DROP TABLE IF EXISTS `shop_information`;

CREATE TABLE `shop_information` (
  `information_ID` varchar(100) NOT NULL,
  `information_img` varchar(255) DEFAULT NULL COMMENT '图片',
  `information_content` varchar(255) DEFAULT NULL COMMENT '内容',
  `type` int(11) NOT NULL COMMENT '类别',
  `sort` int(11) NOT NULL COMMENT '排序',
  PRIMARY KEY (`information_ID`)
) ENGINE=InnoDB DEFAULT CHARSET=utf8;



# Dump of table shop_navigation
# ------------------------------------------------------------

DROP TABLE IF EXISTS `shop_navigation`;

CREATE TABLE `shop_navigation` (
  `NAVIGATION_ID` varchar(100) NOT NULL,
  `NAVIGATION_IMG` varchar(255) DEFAULT NULL COMMENT '图标',
  `NAVIGATION_NAME` varchar(255) DEFAULT NULL COMMENT '名称',
  `NAVIGATION_URL` varchar(255) DEFAULT NULL COMMENT '链接',
  `SORT` int(11) NOT NULL COMMENT '排序',
  PRIMARY KEY (`NAVIGATION_ID`)
) ENGINE=InnoDB DEFAULT CHARSET=utf8;

LOCK TABLES `shop_navigation` WRITE;
/*!40000 ALTER TABLE `shop_navigation` DISABLE KEYS */;

INSERT INTO `shop_navigation` (`NAVIGATION_ID`, `NAVIGATION_IMG`, `NAVIGATION_NAME`, `NAVIGATION_URL`, `SORT`)
VALUES
	('03c508122efc4121866d722b25cf93fa','/mallupload/1507625513762.png','格鲁吉亚馆','#',1),
	('1','/mallupload/1507690850054.png','亚美尼亚馆','#',2),
	('2','/mallupload/1507625532752.png','江苏馆','#',4),
	('3','/mallupload/1507625527270.png','瑞典馆','#',3);

/*!40000 ALTER TABLE `shop_navigation` ENABLE KEYS */;
UNLOCK TABLES;


# Dump of table shop_news
# ------------------------------------------------------------

DROP TABLE IF EXISTS `shop_news`;

CREATE TABLE `shop_news` (
  `news_id` varchar(100) NOT NULL,
  `news_title` varchar(255) DEFAULT NULL COMMENT '标题',
  `news_content` text COMMENT '内容',
  `addtime` varchar(255) DEFAULT NULL,
  `sort` int(11) NOT NULL COMMENT '排序',
  `type` int(11) NOT NULL COMMENT '类别',
  PRIMARY KEY (`news_id`)
) ENGINE=InnoDB DEFAULT CHARSET=utf8;

LOCK TABLES `shop_news` WRITE;
/*!40000 ALTER TABLE `shop_news` DISABLE KEYS */;

INSERT INTO `shop_news` (`news_id`, `news_title`, `news_content`, `addtime`, `sort`, `type`)
VALUES
	('80ffd90157b54ed0923d70bd8e533d8e','安e购跨境电商上线啦！','目前，安e购已经实现140多万家国内外供应商在线，4000万种商品，遍布全球230个国家和地区的1000万买家的规模，11种外语多语言运营覆盖，每小时有10万买家实时在线采购，每1.6秒产生一张订单。\r\n<h2>\r\n	<span>0元注册，轻松出单！</span> \r\n</h2>\r\n<p class=\"p1\">\r\n	（低起点<a href=\"http://seller.dhgate.com/merchant/register/pageLoad.do?d=platformzhuce2.0\" target=\"_blank\">免费注册</a>，却从不乏高回报频繁出单！）\r\n</p>\r\n<ul>\r\n	<li class=\"li1\">\r\n		<h3>\r\n			注册\r\n		</h3>\r\n		<p>\r\n			免费注册，即可<br />\r\n拥有敦煌账号\r\n		</p>\r\n	</li>\r\n	<li class=\"li2\">\r\n		<h3>\r\n			认证\r\n		</h3>\r\n		<p>\r\n			按提示完成手机、<br />\r\n邮箱认证\r\n		</p>\r\n	</li>\r\n	<li class=\"li3\">\r\n		<h3>\r\n			上产品\r\n		</h3>\r\n		<p>\r\n			3分钟轻松上产品，<br />\r\n免费展示给全球买家！\r\n		</p>\r\n	</li>\r\n	<li class=\"li4\">\r\n		<h3>\r\n			出单\r\n		</h3>\r\n		<p>\r\n			确认订单，开始发货\r\n		</p>\r\n	</li>\r\n	<li class=\"li5\">\r\n		<h3>\r\n			收款\r\n		</h3>\r\n		<p>\r\n			确认妥投，平台放款给<br />\r\n卖家，交易轻松完成\r\n		</p>\r\n	</li>\r\n</ul>','2017-02-11',3,1),
	('94ae3593360f42b39a47a111006f1d25','安e购是做什么的？','<p class=\"MsoNormal\">\r\n	<span style=\"font-family:微软雅黑;color:#000000;font-weight:normal;font-style:normal;font-size:9.5000pt;\"><span>安</span>e购是一个集跨境贸易、保税报关、跨境结算、跨境产教等服务于一体的线上跨境电商平台。商城前期是自营模式，后期是自营+三方的模式。</span><span style=\"font-family:宋体;font-size:10.5000pt;\"></span>\r\n</p>\r\n<p class=\"MsoNormal\">\r\n	<span style=\"font-family:宋体;font-size:10.5000pt;\">&nbsp;</span>\r\n</p>\r\n<p class=\"MsoNormal\">\r\n	<span style=\"font-family:宋体;color:#0070C0;font-size:10.5000pt;\"><span>跨境贸易</span></span><span style=\"font-family:宋体;color:#0070C0;font-size:10.5000pt;\"></span>\r\n</p>\r\n<p class=\"MsoNormal\" style=\"text-indent:21.0000pt;\">\r\n	<span style=\"font-family:微软雅黑;color:#000000;font-weight:normal;font-style:normal;font-size:9.5000pt;\"><span>平台的商品主要分为两大块，一块是简单自营的跨境商品，另一块是江苏馆和中东欧馆，中东欧馆的开设主要针对</span>“一带一路”中沿线的国家进行（前期是格鲁吉亚）。每块里面既有小宗商品，可面向C端零售也可面向B端批发；也有大宗商品，主要面向B端批发。通过国内商户入驻平台将商品售卖到一带一路沿线国家，即商品出口外销；国外商户入驻平台将商品售卖至国内，即商品进口内销。</span><span style=\"font-family:宋体;font-size:10.5000pt;\"><br />\r\n</span><span style=\"font-family:宋体;font-size:10.5000pt;\"><br />\r\n</span><span style=\"font-family:宋体;color:#0070C0;font-size:10.5000pt;\"><span>保税报关</span></span><span style=\"font-family:宋体;font-size:10.5000pt;\"></span>\r\n</p>\r\n<p class=\"MsoNormal\" style=\"text-indent:21.0000pt;\">\r\n	<span style=\"font-family:微软雅黑;color:#000000;font-weight:normal;font-style:normal;font-size:9.5000pt;\"><span>平台目前做直营，国外商户或者国内的代理商可以直接将国外的商品通过瑞银保税仓进行报关和仓储，平台会给每个商户配置一套</span>WMS和OMS系统进行管理和查看。当消费者通过平台买卖相应的商品时，我平台作为代发货方进行直接发货到消费者手中。系统会有库存提醒机制，防止商品出现缺货的现象发生。</span><span style=\"font-family:宋体;font-size:10.5000pt;\"><br />\r\n</span><span style=\"font-family:宋体;font-size:10.5000pt;\"><br />\r\n</span><span style=\"font-family:宋体;color:#0070C0;font-size:10.5000pt;\"><span>跨境结算</span></span><span style=\"font-family:宋体;font-size:10.5000pt;\"></span>\r\n</p>\r\n<p class=\"MsoNormal\">\r\n	<span style=\"font-family:微软雅黑;color:#000000;font-weight:normal;font-style:normal;font-size:9.5000pt;\"><span>与银联、</span>VISA等国内外知名支付平台合作</span><span style=\"font-family:微软雅黑;color:#000000;font-weight:normal;font-style:normal;font-size:9.5000pt;\"></span>\r\n</p>\r\n<p class=\"MsoNormal\">\r\n	<span style=\"font-family:宋体;color:#000000;font-size:10.5000pt;\">&nbsp;</span>\r\n</p>\r\n<p class=\"MsoNormal\">\r\n	<span style=\"font-family:宋体;color:#0070C0;font-size:10.5000pt;\"><span>商品溯源</span></span><span style=\"font-family:宋体;color:#0000FF;font-size:10.5000pt;\"><br />\r\n</span><span style=\"font-family:微软雅黑;color:#000000;font-weight:normal;font-style:normal;font-size:9.5000pt;\"><span>采用二维码技术来实现商品溯源的功能，每个商品都有一个对应的唯一二维码，每个商品都包含商品名称、原产国（地）、进口商</span>/代理商、生产日期、进口口岸、报关日期、报关单号这些产品详细信息。消费者收到商品后，找到包装上面的二维码，刮开涂层，可以进行防伪溯源查询。</span><span style=\"font-family:微软雅黑;color:#000000;font-weight:normal;font-style:normal;font-size:9.5000pt;\"></span>\r\n</p>\r\n<p class=\"MsoNormal\">\r\n	<span style=\"font-family:宋体;font-size:10.5000pt;\">&nbsp;</span>\r\n</p>\r\n<p class=\"MsoNormal\">\r\n	<span style=\"font-family:宋体;color:#0070C0;font-size:10.5000pt;\"><span>跨境产教</span></span><span style=\"font-family:宋体;color:#0070C0;font-size:10.5000pt;\"></span>\r\n</p>\r\n<p class=\"MsoNormal\" style=\"text-indent:21.0000pt;\">\r\n	<span style=\"font-family:微软雅黑;color:#000000;font-weight:normal;font-style:normal;font-size:9.5000pt;\"><span>《全国跨境电子商务产业发展与人才培养报告》指出，目前我国跨境电商平台企业超过</span>5000家，境内通过各类平台开展跨境电子商务的企业已超过20万家。截至2016年12月，中国电子商务服务企业直接从业人员超过305万人，由电子商务间接带动的就业人数，已超过2240万人。自2013年以来，跨境电子商务人才需求数量呈不断增长趋势：2013年约17%，2014年约28%，2015年约35%，2016年约38%，预计2017年约39%。</span><span style=\"font-family:宋体;font-size:10.5000pt;\"></span>\r\n</p>\r\n<p class=\"MsoNormal\">\r\n	<span style=\"font-family:微软雅黑;color:#393939;font-weight:normal;font-style:normal;font-size:9.5000pt;\"><span>平台将与著名院校合作，</span></span><span style=\"font-family:微软雅黑;color:#393939;font-weight:normal;font-style:normal;font-size:9.5000pt;\"><span>积极整合师资，</span></span><span style=\"font-family:微软雅黑;color:#000000;font-weight:normal;font-style:normal;font-size:9.5000pt;\"><span>服务于跨境电商人才培养、跨境电商产业发展和区域经济发展，搭建起政校园企合作、国内外交流互通、产教资源共享等三大平台，更好地满足跨境电商产业对复合型技术技能人才的需求。</span></span><span style=\"font-family:微软雅黑;color:#393939;font-weight:normal;font-style:normal;font-size:9.5000pt;\"><span>同时，将以此为契机，进一步加强与联盟各单位的交流与合作，推进跨境电商专业方向的课程建设，实现产教融合、校企合作与协同育</span></span>\r\n</p>\r\n人。','2017-02-11',2,1),
	('bd3b84b474be4733a2a61b6a614e0a3d','“一带一路“中的中国格鲁吉亚贸易小镇','<h2 class=\"rich_media_title\" id=\"activity-name\" style=\"font-weight:400;font-size:24px;color:#000000;font-family:\'Hiragino Sans GB\', \'Microsoft YaHei\', Arial, sans-serif;font-style:normal;text-align:start;text-indent:0px;background-color:#FFFFFF;\">\r\n	“一带一路“中的中国格鲁吉亚贸易小镇\r\n</h2>\r\n<div id=\"meta_content\" class=\"rich_media_meta_list\" style=\"margin:0px 0px 18px;padding:0px;font-size:0px;color:#000000;font-family:\'Hiragino Sans GB\', \'Microsoft YaHei\', Arial, sans-serif;font-style:normal;font-weight:normal;text-align:start;background-color:#FFFFFF;\">\r\n	<em id=\"post-date\" class=\"rich_media_meta rich_media_meta_text\">2017-10-02</em><span class=\"Apple-converted-space\"> </span><em class=\"rich_media_meta rich_media_meta_text\">小艾</em><span class=\"Apple-converted-space\"> </span><a class=\"rich_media_meta rich_media_meta_link rich_media_meta_nickname\" href=\"https://mp.weixin.qq.com/s?__biz=MzUzNzMzOTc3Ng==&mid=2247483670&idx=1&sn=77dda4650abd197006328b7fe069c306&chksm=fae933f9cd9ebaef81bdcc2029444dafaccd41568ebaa9d3d2828dafd90a5b51ac548251d2c2&mpshare=1&scene=1&srcid=1010vjgBnaqHBTHn9n9YzNaI&key=a0a520779039cf2b4bc6cfef4799058d1d229f4383c44d603d0458d0ef3bc455fbaa17ddf7eb3183a3563a687842bd70cb4e88af133ecb2933e26348aa5238421207044b015fd73e9b60478196ebed74&ascene=1&uin=MzIwMDU4OTU1&devicetype=Windows+10&version=6205051a&pass_ticket=9Lhqg%2F9YSMp3d%2FK%2FKgrdIY9hVx1t%2FouLzowYXQkk4hICFHqvqKbckeLZwLeKLpXj&winzoom=1##\" id=\"post-user\">安e购商城</a> \r\n</div>\r\n<div class=\"rich_media_content \" id=\"js_content\" style=\"margin:0px;padding:0px;color:#3E3E3E;font-family:\'Hiragino Sans GB\', \'Microsoft YaHei\', Arial, sans-serif;font-size:16px;font-style:normal;font-weight:normal;text-align:start;background-color:#FFFFFF;\">\r\n	<p>\r\n		<span style=\"color:#FF4F79;\"><strong><span style=\"font-family:宋体;font-size:16px;\">背景事件：</span></strong></span> \r\n	</p>\r\n	<ul class=\"list-paddingleft-2\">\r\n		<li>\r\n			<p style=\"text-align:left;text-indent:0em;\">\r\n				<span style=\"color:#767171;font-family:宋体;font-size:12px;\">2015年9月，<span style=\"color:#FF4F79;font-family:宋体;\"><strong>李克强总理</strong></span>会见来访的格鲁吉亚时任总理加里巴什维利，双方确认尽快启动中格自贸谈判。</span> \r\n			</p>\r\n		</li>\r\n		<li>\r\n			<p style=\"text-align:left;text-indent:0em;\">\r\n				<span style=\"color:#767171;font-family:宋体;font-size:12px;\">2016年6月，张高丽副总理访问格鲁吉亚，与格总统马尔格韦拉什维利和总理克维里卡什维利就加快谈判达成共识。双方高层领导的高度重视极大推动了谈判进程。中格自贸协定谈判于2015年12月启动，2016年10月实质性结束，虽历时不到一年，但其间经历了密集的谈判和磋商，是我在欧亚地区完成的第一个自贸协定谈判。</span> \r\n			</p>\r\n		</li>\r\n		<li>\r\n			<p style=\"text-align:left;text-indent:0em;\">\r\n				<span style=\"color:#767171;font-family:宋体;font-size:12px;\">2017年5月13日，中国商务部部长钟山同格鲁吉亚经济与可持续发展部部长加哈里亚分别代表两国政府签署了<strong><span style=\"color:#FF4F79;font-family:宋体;font-size:14px;\">《中华人民共和国政府和格鲁吉亚政府自由贸易协定》</span></strong><span style=\"color:#000000;font-family:宋体;font-size:14px;\">。《</span>协定》的签署将使中格经济贸易关系翻开新的一页，有利于全面提升两国务实合作水平，增加两国人民福祉，对我“一带一路”倡议实施及自贸区战略推进具有重要意义。《协定》正式签署后，双方将抓紧履行国内程序，力争于2017年年底或2018年年初使《协定》生效实施。</span> \r\n			</p>\r\n		</li>\r\n		<li>\r\n			<p style=\"text-align:left;text-indent:0em;\">\r\n				<span style=\"color:#767171;font-family:宋体;font-size:12px;\">2017年9月23日国务院常务会<span style=\"color:#767171;font-family:Calibri;font-size:12px;\">决定，将跨境电商零售进口监管过渡期政策再延长一年至2018年底。</span>同时，李克强在会上指出，以跨境电商发展为突破口，推动国际贸易自由化、便利化和业态创新，对加快转变外贸发展方式、增强综合竞争力具有重要意义。</span> \r\n			</p>\r\n		</li>\r\n	</ul>\r\n	<p style=\"text-indent:28px;text-align:left;\">\r\n		<span style=\"color:#767171;font-family:宋体;font-size:14px;\"><br />\r\n</span> \r\n	</p>\r\n	<p style=\"text-indent:28px;\">\r\n		<span style=\"color:#FF4F79;font-size:14px;\"><strong><span style=\"color:#FF4F79;font-family:宋体;\"><span style=\"color:#FF4F79;font-family:宋体;\">随着跨境购的热潮逐增，</span>“全球只有一个小镇的距离、触手买卖全球”吸引着越来越多的人将目光投向小镇</span></strong><strong><span style=\"color:#FF4F79;font-family:宋体;\">，中国格鲁吉亚</span></strong><strong><span style=\"color:#FF4F79;font-family:宋体;\">贸易</span></strong><strong><span style=\"color:#FF4F79;font-family:宋体;\">小镇作为</span></strong><strong><span style=\"color:#FF4F79;font-family:宋体;\">江苏省</span></strong><strong><span style=\"color:#FF4F79;font-family:宋体;\">跨境电商产业聚集区正在引领</span></strong><strong><span style=\"color:#FF4F79;font-family:宋体;\">泰州</span></strong><strong><span style=\"color:#FF4F79;font-family:宋体;\">跨境电子商务产业的高速、健康发展。以下将以专题的形式带大家走进正在建造中的</span></strong><strong><span style=\"color:#FF4F79;font-family:宋体;\">中国格鲁吉亚贸易</span></strong><strong><span style=\"color:#FF4F79;font-family:宋体;\">小镇，一睹为快。</span></strong></span> \r\n	</p>\r\n	<p style=\"text-indent:28px;\">\r\n		<strong><span style=\"font-family:宋体;font-size:14px;\"> </span></strong> \r\n	</p>\r\n	<p>\r\n		<img src=\"/mallupload/image/20171010/20171010121518_399.jpg\" alt=\"\" width=\"653\" height=\"294\" /> \r\n	</p>\r\n	<p style=\"text-align:center;text-indent:28px;\">\r\n		<strong><span style=\"font-family:宋体;font-size:14px;\"></span></strong><span style=\"font-size:12px;\">（一带一路中的中国格鲁吉亚贸易小镇沿街图）</span> \r\n	</p>\r\n	<p style=\"text-align:center;text-indent:28px;\">\r\n		<span style=\"font-size:12px;\"></span> \r\n	</p>\r\n	<p style=\"text-align:center;text-indent:0em;\">\r\n		<span style=\"color:#FF4F79;font-size:16px;\"><strong><span style=\"color:#FF4F79;font-family:宋体;\"><span style=\"color:#FF4F79;font-family:宋体;\">全方位打造</span>“国内</span></strong><strong><span style=\"color:#FF4F79;font-family:宋体;\">首个</span></strong><strong><span style=\"color:#FF4F79;font-family:宋体;\">中国格鲁吉亚贸易</span></strong><strong><span style=\"color:#FF4F79;font-family:宋体;\">小镇，省级跨境电商产业聚集区</span></strong><strong><span style=\"color:#FF4F79;font-family:宋体;\">”</span></strong></span><span style=\"font-family:宋体;font-size:16px;\"></span> \r\n	</p>\r\n	<p style=\"text-indent:28px;text-align:justify;background:#FFFFFF;\">\r\n		<span style=\"font-family:宋体;font-size:14px;\">中国格鲁吉亚贸易小镇为泰州市政府重点项目，由泰州姜堰开发区政府、瑞银国际物流（江苏）有限公司与格鲁吉亚政府联合打造，2016年在江苏省姜堰开发区三水物流港开建，目前一期已初具规模。将成为推动中国与“一带一路”沿线国家贸易增长的一大抓手。</span> \r\n	</p>\r\n	<p style=\"text-indent:28px;text-align:justify;background:#FFFFFF;\">\r\n		<span style=\"font-family:宋体;font-size:14px;\"><br />\r\n</span> \r\n	</p>\r\n	<p>\r\n		<img src=\"/mallupload/image/20171010/20171010121539_314.jpg\" alt=\"\" width=\"609\" height=\"352\" /> \r\n	</p>\r\n	<p style=\"text-align:center;text-indent:28px;background:#FFFFFF;\">\r\n		<span style=\"font-family:宋体;font-size:14px;\"></span><span style=\"font-size:12px;\">（中格贸易小镇全景图）</span> \r\n	</p>\r\n	<p style=\"text-align:center;text-indent:28px;background:#FFFFFF;\">\r\n		<span style=\"font-size:12px;\"></span> \r\n	</p>\r\n	<p style=\"text-indent:28px;\">\r\n		<span style=\"font-family:宋体;font-size:14px;\">小镇享有得天独厚的陆、海、空、铁多维立体化交通运输资源，具备与泰州港、扬泰机场联动的物流优势。小镇一期规划面积460亩，其中核心面积120亩，打造为功能完善、配套齐全的电子商务产业综合园区，规划设置有<strong><span style=\"color:#FF4F79;font-family:宋体;font-size:14px;\">国际商品零售区、国际商贸集散区、保税物流园区、创客和电商学院、生活配套区、休闲娱乐区、跨境金融服务区、市民聚居区</span></strong>。小镇吸引了BADAGONI、万国优品、云猴等一大批国内外知名电商企业的争相合作，商品种类主要涵盖有来自格鲁吉亚多个商品。目前小镇已完成跨境业务数万单，助力三水港产业发展，向国家级跨境电商集散分拨中心迈步。</span> \r\n	</p>\r\n	<p>\r\n		<span style=\"color:#FF4F79;font-size:16px;\"><strong><span style=\"color:#FF4F79;font-family:宋体;\"><br />\r\n</span></strong></span> \r\n	</p>\r\n	<p style=\"text-align:center;\">\r\n		<span style=\"color:#FFFFFF;font-size:16px;background-color:#FF4F79;\"><strong><span style=\"color:#FFFFFF;font-family:宋体;font-size:18px;background-color:#FF4F79;\"> 小镇三大亮点 </span></strong></span> \r\n	</p>\r\n	<p style=\"text-align:left;\">\r\n		<span style=\"color:#FF4F79;font-size:16px;\"><strong><span style=\"color:#FF4F79;font-family:宋体;\"><br />\r\n</span></strong></span> \r\n	</p>\r\n	<p style=\"text-align:left;\">\r\n		<span style=\"color:#FF4F79;font-size:16px;\"><strong><span style=\"color:#FF4F79;font-family:宋体;\">亮点一：全球首家智慧物流可视化中央管理平台</span></strong></span> \r\n	</p>\r\n	<p style=\"text-align:left;text-indent:28px;\">\r\n		<span style=\"font-family:微软雅黑;font-size:16px;\"><span style=\"color:#000000;font-family:宋体;font-size:14px;\">小镇的保税物流园区拥有全球领先的智慧物流可视化中央管理平台，将仓库管理、大数据分析、空间定位及智能化设备完美的结合在一起，同时，将智慧物流向智慧供应链延伸，真正的实现了智能化管理，起到了降本增效的作用。</span></span> \r\n	</p>\r\n	<p style=\"text-align:left;text-indent:28px;\">\r\n		<span style=\"font-family:微软雅黑;font-size:16px;\"><span style=\"color:#000000;font-family:宋体;font-size:14px;\"><br />\r\n</span></span> \r\n	</p>\r\n	<p style=\"text-align:left;text-indent:28px;\">\r\n		<span style=\"font-family:微软雅黑;font-size:16px;\"><span style=\"color:#000000;font-family:宋体;font-size:14px;\"></span></span> \r\n	</p>\r\n	<p>\r\n		<img src=\"/mallupload/image/20171010/20171010121643_670.jpg\" alt=\"\" width=\"660\" height=\"305\" /> \r\n	</p>\r\n	<p style=\"text-align:center;text-indent:28px;\">\r\n		<span style=\"color:#000000;font-family:宋体;font-size:14px;\"></span><span style=\"font-size:12px;\">（瑞银国际智慧物流可视化中央管理平台）</span> \r\n	</p>\r\n	<p style=\"text-align:left;text-indent:28px;\">\r\n		<span style=\"font-family:微软雅黑;font-size:16px;\"><br />\r\n</span><span style=\"color:#FF4F79;font-size:16px;\"><strong><span style=\"color:#FF4F79;font-family:宋体;\">亮点二：进出口双向高速国际通道，跨境电商产业一站式运营基地</span></strong></span><span style=\"font-family:宋体;font-size:16px;\"> </span> \r\n	</p>\r\n	<p style=\"text-indent:28px;\">\r\n		<span style=\"color:#000000;font-family:宋体;font-size:14px;\">2017年<span style=\"font-family:Calibri;font-size:14px;\">9</span>月<span style=\"font-family:Calibri;font-size:14px;\">36</span>日省委书记李强强调，要积极谋划和推进现代海洋经济发展，挖掘内涵，创新思路，找准切入点。要立足各地优势，找准工作切入点，突出特色产业，强化平台支撑，善于打造品牌。</span> \r\n	</p>\r\n	<p style=\"text-indent:28px;\">\r\n		<span style=\"color:#000000;font-family:宋体;font-size:14px;\"><br />\r\n</span> \r\n	</p>\r\n	<p style=\"text-indent:28px;\">\r\n		<span style=\"color:#000000;font-family:宋体;font-size:14px;\">中国格鲁吉亚贸易小镇定位为跨境电子商务产业一站式运营基地，独家打造国内首家VR版跨境电商平台，拥有专业、系统的跨境电子商务办公资源和服务体系，以O2O线上线下一体化的电子商务模式，为跨境电子商务上下游企业提供供应链服务，致力于为企业搭建引进来走出去的双向高速国际通道、让消费者触手可及全球顶级的产品和服务。</span> \r\n	</p>\r\n	<p style=\"text-indent:28px;\">\r\n		<span style=\"color:#000000;font-family:宋体;font-size:14px;\"><img src=\"/mallupload/image/20171010/20171010121709_658.jpg\" alt=\"\" width=\"518\" height=\"291\" /><br />\r\n</span> \r\n	</p>\r\n	<p style=\"text-indent:28px;\">\r\n		<span style=\"font-family:宋体;font-size:14px;\"></span> \r\n	</p>\r\n	<p>\r\n		<br />\r\n	</p>\r\n	<p style=\"text-align:center;text-indent:28px;\">\r\n		<span style=\"font-family:宋体;font-size:14px;\"> <span style=\"font-family:宋体;font-size:12px;\">（安e购平台通过VR实现跨境购物）</span></span> \r\n	</p>\r\n	<p>\r\n		<img src=\"/mallupload/image/20171010/20171010121732_371.jpg\" alt=\"\" width=\"572\" height=\"322\" /> \r\n	</p>\r\n	<p style=\"text-align:center;text-indent:28px;\">\r\n		<span style=\"font-size:12px;\">（安e购平台购物车结算）</span> \r\n	</p>\r\n	<p style=\"text-align:center;text-indent:28px;\">\r\n		<span style=\"font-size:12px;\"></span> \r\n	</p>\r\n	<p style=\"text-indent:28px;\">\r\n		<span style=\"font-family:宋体;font-size:14px;\">小镇自有跨境电商综合服务平台——安e购，集跨境进出口通道、电商购物、智能云仓、跨境金融于一体，可为企业提供<strong><span style=\"color:#FF4F79;font-family:宋体;font-size:14px;\">“<span style=\"font-family:宋体;font-size:14px;\">关、检、汇、税、商、物、融”</span></span></strong>等直通快车服务，打通信息壁垒、提升办公效率。作为B2B2C平台，我们通过品牌模式建立完善的供应链金融体系，2018年度平台交易额有望突破20亿元人民币。</span> \r\n	</p>\r\n	<p style=\"text-indent:28px;\">\r\n		<br />\r\n	</p>\r\n	<p style=\"text-indent:28px;\">\r\n		<span style=\"font-family:宋体;font-size:14px;\"></span> \r\n	</p>\r\n	<p style=\"text-align:center;\" align=\"center\">\r\n		<img src=\"/mallupload/image/20171010/20171010121756_356.png\" alt=\"\" width=\"367\" height=\"367\" /> \r\n	</p>\r\n	<p style=\"text-indent:28px;\">\r\n		<span style=\"font-family:宋体;font-size:14px;\"></span> \r\n	</p>\r\n	<p style=\"text-indent:28px;\">\r\n		<span style=\"font-family:宋体;font-size:14px;\"> </span><span style=\"font-family:宋体;font-size:14px;\">同时，小镇拥有成熟的跨境电商孵化平台，设有云创空间和创客园区，可为企业提供线上、线下创客服务，为创业梦想、孵化成长提供多种发展机遇，打造江苏省跨境电商实训基地，可为企业进行定制化人才培养、培训，能有效解决企业亟需跨境电商专业人才的燃眉之急，保障人才输送。最终形成贸易便利、监管高效便捷、法制环境规范的全国智慧物流中心、跨境电子商务创新中心、跨境电子商务金融中心和跨境电子商务大数据中心。</span> \r\n	</p>\r\n	<p style=\"text-indent:28px;\">\r\n		<br />\r\n	</p>\r\n	<p>\r\n		<span style=\"font-family:宋体;font-size:14px;\"><span style=\"color:#FF4F79;font-size:16px;\"><strong><span style=\"color:#FF4F79;font-family:宋体;\">亮点三：中欧班列，全球联动</span></strong></span> </span> \r\n	</p>\r\n	<p style=\"text-indent:28px;\">\r\n		<span style=\"font-family:宋体;font-size:14px;\">贸易小镇进一步将与<strong><span style=\"color:#FF4F79;font-family:宋体;font-size:14px;\">中欧班列合作，未来将开通欧洲（格鲁吉亚）—满洲里—泰州的专向班列，届时货物运输周期会大大缩短，为国内爆发式增长的需求市场提供强有力的支撑。</span></strong></span> \r\n	</p>\r\n	<p style=\"text-indent:28px;\">\r\n		<span style=\"font-family:宋体;font-size:14px;\"><strong><span style=\"color:#FF4F79;font-family:宋体;font-size:14px;\"></span></strong></span> \r\n	</p>\r\n	<p style=\"text-indent:28px;\">\r\n		<span style=\"font-family:宋体;font-size:16px;\"></span> \r\n	</p>\r\n	<p>\r\n		<img src=\"/mallupload/image/20171010/20171010121900_70.jpg\" alt=\"\" /> \r\n	</p>\r\n	<p style=\"text-indent:28px;\">\r\n		<span style=\"font-family:宋体;font-size:16px;\"> </span> \r\n	</p>\r\n	<p style=\"text-indent:28px;\">\r\n		<span style=\"font-family:微软雅黑;font-size:16px;\"> </span> \r\n	</p>\r\n	<p>\r\n		<span style=\"color:#FF4F79;font-size:16px;\"><strong><span style=\"font-family:宋体;font-size:16px;\"><span style=\"font-family:宋体;font-size:16px;\">结语</span>:</span></strong></span> \r\n	</p>\r\n	<p>\r\n		<span style=\"font-size:12px;\"><strong><span style=\"font-family:宋体;\"> <span class=\"Apple-converted-space\"> </span></span></strong><span style=\"font-family:宋体;\">中国格鲁吉亚贸易</span><span style=\"font-family:宋体;\"><span style=\"font-family:宋体;\">小镇响应国家</span>“一带一路”战略，积极与周边国家及企业发展跨境电商贸易，在大力开拓进口贸易的同时努力搭建出口资源。作为<span style=\"font-family:宋体;\">泰州首家开通中格跨境电商的海关监管场所，依托于瑞银三水港的区位资源，搭载</span>“交通运输部多式联运货运枢纽节点”作用及其庞大的集散分拨功能，<span style=\"font-family:宋体;\">中国格鲁吉亚贸易小镇在跨境电子商务领域的发展优势日益突显，潜力倍增。随着国家对跨境电子商务的政策引导和扶持，中格贸易小镇也正在跨越成为国家级的跨境电商供应链综合基地，成为拉动泰州进出口贸易、扩大内需消费、促进经济提升的新平台。</span></span></span> \r\n	</p>\r\n</div>','2017-10-10',1,1);

/*!40000 ALTER TABLE `shop_news` ENABLE KEYS */;
UNLOCK TABLES;


# Dump of table shop_notice
# ------------------------------------------------------------

DROP TABLE IF EXISTS `shop_notice`;

CREATE TABLE `shop_notice` (
  `NOTICE_ID` varchar(100) NOT NULL,
  `TITLE` varchar(255) DEFAULT NULL COMMENT '标题',
  `CONTENT` text COMMENT '内容',
  `ADDTIME` varchar(255) DEFAULT NULL COMMENT '时间',
  PRIMARY KEY (`NOTICE_ID`)
) ENGINE=InnoDB DEFAULT CHARSET=utf8;



# Dump of table shop_order
# ------------------------------------------------------------

DROP TABLE IF EXISTS `shop_order`;

CREATE TABLE `shop_order` (
  `order_id` varchar(100) NOT NULL,
  `addtime` varchar(255) DEFAULT NULL COMMENT '下单时间',
  `total_price` decimal(10,0) DEFAULT NULL,
  `order_total` decimal(10,2) NOT NULL COMMENT '总价',
  `coupon_price` decimal(10,2) DEFAULT NULL,
  `coupon_id` varchar(255) DEFAULT NULL,
  `freight_price` decimal(10,2) DEFAULT NULL,
  `pay_way` varchar(255) DEFAULT NULL COMMENT '支付方式1支付宝2微信3商城币',
  `user_id` varchar(255) DEFAULT NULL COMMENT '用户id',
  `addr_realname` varchar(255) DEFAULT NULL,
  `addr_phone` varchar(255) DEFAULT NULL,
  `addr_city` varchar(255) DEFAULT NULL,
  `address` varchar(255) DEFAULT NULL,
  `ip_address` varchar(255) DEFAULT NULL,
  `user_ip` varchar(255) DEFAULT NULL COMMENT '用户ip',
  `status` int(11) DEFAULT NULL COMMENT '状态,0未支付，1 已支付，2已发货，3待退款，4退款成功，5交易成功,待评价，6评价完成',
  `express_title` varchar(255) DEFAULT NULL COMMENT '快递编号',
  `express_name` varchar(255) DEFAULT NULL COMMENT '快递名称',
  `express_num` varchar(255) DEFAULT NULL COMMENT '快递号码',
  `transaction_id` varchar(255) DEFAULT NULL COMMENT '微信支付id',
  `shop_id` varchar(255) DEFAULT NULL,
  PRIMARY KEY (`order_id`)
) ENGINE=InnoDB DEFAULT CHARSET=utf8;

LOCK TABLES `shop_order` WRITE;
/*!40000 ALTER TABLE `shop_order` DISABLE KEYS */;

INSERT INTO `shop_order` (`order_id`, `addtime`, `total_price`, `order_total`, `coupon_price`, `coupon_id`, `freight_price`, `pay_way`, `user_id`, `addr_realname`, `addr_phone`, `addr_city`, `address`, `ip_address`, `user_ip`, `status`, `express_title`, `express_name`, `express_num`, `transaction_id`, `shop_id`)
VALUES
	('1500647363008','2017-07-21 22:29:23',3499,3499.00,0.00,'0',0.00,'2','dc4c0243eb694bbf9ece88b715460998','哈哈','13800138000','江苏省 南京市 玄武区','huijingjiayuan3301',' ','127.0.0.1',0,NULL,NULL,NULL,NULL,NULL),
	('1500647393337','2017-07-21 22:29:53',3499,3499.00,0.00,'0',0.00,'2','dc4c0243eb694bbf9ece88b715460998','哈哈','13800138000','江苏省 南京市 玄武区','huijingjiayuan3301',' ','127.0.0.1',0,NULL,NULL,NULL,NULL,NULL),
	('1500647836067','2017-07-21 22:37:16',3499,3449.00,50.00,'06ba076a46df402fa39d3d2b789bc5e3',0.00,'2','dc4c0243eb694bbf9ece88b715460998','王明','13800138000','江苏省 南京市 玄武区','玄武湖街道板仓街世界之窗产业园太阳宫1052号',' ','127.0.0.1',0,NULL,NULL,NULL,NULL,NULL),
	('1500785154572','2017-07-23 12:45:54',0,0.01,0.00,'0',0.00,'2','dc4c0243eb694bbf9ece88b715460998','啊啊啊','18957710188','江苏省 南京市 玄武区','2255525','浙江省 杭州市','36.23.69.53',0,NULL,NULL,NULL,NULL,NULL),
	('1500895551046','2017-07-24 19:25:51',0,0.01,0.00,'0',0.00,'2','dc4c0243eb694bbf9ece88b715460998','王明','13800138000','江苏省 南京市 玄武区','玄武湖街道板仓街世界之窗产业园太阳宫1052号',' ','127.0.0.1',0,NULL,NULL,NULL,NULL,NULL),
	('1500897553542','2017-07-24 19:59:13',0,0.01,0.00,'0',0.00,'2','dc4c0243eb694bbf9ece88b715460998','王明','13800138000','江苏省 南京市 玄武区','玄武湖街道板仓街世界之窗产业园太阳宫1052号',' ','127.0.0.1',0,NULL,NULL,NULL,NULL,NULL),
	('1500899034861','2017-07-24 20:23:54',0,0.04,0.00,'0',0.00,'2','dc4c0243eb694bbf9ece88b715460998','王明','13800138000','江苏省 南京市 玄武区','玄武湖街道板仓街世界之窗产业园太阳宫1052号',' ','127.0.0.1',2,'HTKY','百世快递','ewerwr',NULL,NULL),
	('1507562659820','2017-10-09 23:24:19',3099,3099.00,0.00,'0',0.00,'2','288b3af8499e4743b229af58519df2ee','李奇峰','18521529110','江苏省 南京市 玄武区','58741','江苏省 南京市','49.92.90.162',0,NULL,NULL,NULL,NULL,NULL),
	('1507562668052','2017-10-09 23:24:28',3099,3099.00,0.00,'0',0.00,'2','288b3af8499e4743b229af58519df2ee','李奇峰','18521529110','江苏省 南京市 玄武区','58741',NULL,'49.92.90.162',0,NULL,NULL,NULL,NULL,NULL),
	('1507597766773','2017-10-10 09:09:26',3099,3099.00,0.00,'0',0.00,'2','40766bea90f24bb6a0bf59e28fa5dcb8','哈哈','17714344343','江苏省 南京市 玄武区','哈哈','安徽省 阜阳市','183.162.8.201',0,NULL,NULL,NULL,NULL,NULL),
	('1507597770695','2017-10-10 09:09:30',3099,3099.00,0.00,'0',0.00,'2','40766bea90f24bb6a0bf59e28fa5dcb8','哈哈','17714344343','江苏省 南京市 玄武区','哈哈','安徽省 阜阳市','183.162.8.201',0,NULL,NULL,NULL,NULL,NULL),
	('1507598419959','2017-10-10 09:20:19',3099,3049.00,50.00,'06ba076a46df402fa39d3d2b789bc5e3',0.00,'2','288b3af8499e4743b229af58519df2ee','李奇峰','18521529110','江苏省 南京市 玄武区','58741','江苏省 南京市','49.92.90.162',0,NULL,NULL,NULL,NULL,NULL),
	('1507607656539','2017-10-10 11:54:16',0,0.03,0.00,'0',0.00,'2','288b3af8499e4743b229af58519df2ee','李奇峰','18521529110','江苏省 南京市 玄武区','58741','江苏省 南京市','49.92.90.162',0,NULL,NULL,NULL,NULL,NULL),
	('1507613679680','2017-10-10 13:34:39',3099,3099.00,0.00,'0',0.00,'2','40766bea90f24bb6a0bf59e28fa5dcb8','哈哈','17714344343','江苏省 南京市 玄武区','哈哈','安徽省 阜阳市','183.162.8.201',0,NULL,NULL,NULL,NULL,NULL),
	('1507614039943','2017-10-10 13:40:39',3099,3099.00,0.00,'0',0.00,'2','40766bea90f24bb6a0bf59e28fa5dcb8','哈哈','17714344343','江苏省 南京市 玄武区','哈哈','安徽省 阜阳市','183.162.8.201',0,NULL,NULL,NULL,NULL,NULL),
	('1507614079741','2017-10-10 13:41:19',3099,3099.00,0.00,'0',0.00,'2','40766bea90f24bb6a0bf59e28fa5dcb8','哈哈','17714344343','江苏省 南京市 玄武区','哈哈','安徽省 阜阳市','183.162.8.201',0,NULL,NULL,NULL,NULL,NULL),
	('1507614897965','2017-10-10 13:54:57',3099,3099.00,0.00,'0',0.00,'2','40766bea90f24bb6a0bf59e28fa5dcb8','哈哈','17714344343','江苏省 南京市 玄武区','哈哈','安徽省 阜阳市','183.162.8.201',0,NULL,NULL,NULL,NULL,NULL),
	('1507615671288','2017-10-10 14:07:51',0,0.03,0.00,'0',0.00,'2','288b3af8499e4743b229af58519df2ee','李奇峰','18521529110','江苏省 南京市 玄武区','58741','江苏省 南京市','49.92.90.162',6,'SF','顺丰','DEWEQW',NULL,NULL),
	('1507770957275','2017-10-12 09:15:57',4673,4672.50,0.00,'0',0.00,'2','288b3af8499e4743b229af58519df2ee','李奇峰','18521529110','江苏省 南京市 玄武区','58741','江苏省 南京市','180.98.90.91',0,NULL,NULL,NULL,NULL,NULL),
	('1508317860016','2017-10-18 17:11:00',1050,1050.00,0.00,'0',0.00,'2','288b3af8499e4743b229af58519df2ee','李奇峰','18521529110','江苏省 南京市 玄武区','58741','江苏省 南京市','49.90.3.205',0,NULL,NULL,NULL,NULL,NULL),
	('1508317863064','2017-10-18 17:11:03',1050,1050.00,0.00,'0',0.00,'2','288b3af8499e4743b229af58519df2ee','李奇峰','18521529110','江苏省 南京市 玄武区','58741','江苏省 南京市','49.90.3.205',0,NULL,NULL,NULL,NULL,NULL),
	('1508335677846','2017-10-18 22:07:57',49,49.00,0.00,'0',0.00,'2','6cb711714dfb4ce39447ae470dbbf68d','啊','15722448773','江苏省 苏州市 吴中区','横泾镇','江苏省 苏州市','112.3.204.198',0,NULL,NULL,NULL,NULL,NULL),
	('1508376078756','2017-10-19 09:21:18',3231,3231.20,0.00,'0',0.00,'2','288b3af8499e4743b229af58519df2ee','李奇峰','18521529110','江苏省 南京市 玄武区','58741','江苏省 南京市','49.92.106.151',0,NULL,NULL,NULL,NULL,NULL),
	('1508390791589','2017-10-19 13:26:31',49,49.00,0.00,'0',0.00,'2','d8b8c0ffcebc4fb4bfad41413afcf6d3','1588','18521529110','江苏省 南京市 玄武区','可邋遢','江苏省 ','117.136.45.47',0,NULL,NULL,NULL,NULL,NULL),
	('1508390930787','2017-10-19 13:28:50',49,49.00,0.00,'0',0.00,'2','6db4c0f9a7ae4231b6e6d18b99fbe56c','天花板','15722448773','江苏省 南京市 玄武区','gjn','江苏省 苏州市','221.224.213.234',0,NULL,NULL,NULL,NULL,NULL),
	('1508392008359','2017-10-19 13:46:48',49,49.00,0.00,'0',0.00,'2','6db4c0f9a7ae4231b6e6d18b99fbe56c','天花板','15722448773','江苏省 南京市 玄武区','gjn','江苏省 苏州市','221.224.213.234',0,NULL,NULL,NULL,NULL,NULL),
	('1508392399441','2017-10-19 13:53:19',49,49.00,0.00,'0',0.00,'2','6db4c0f9a7ae4231b6e6d18b99fbe56c','天花板','15722448773','江苏省 南京市 玄武区','gjn','江苏省 苏州市','221.224.213.234',0,NULL,NULL,NULL,NULL,NULL),
	('1508393629341','2017-10-19 14:13:49',49,49.00,0.00,'0',0.00,'2','6db4c0f9a7ae4231b6e6d18b99fbe56c','天花板','15722448773','江苏省 南京市 玄武区','gjn','江苏省 苏州市','221.224.213.234',0,NULL,NULL,NULL,NULL,NULL),
	('1508394628377','2017-10-19 14:30:28',49,49.00,0.00,'0',0.00,'2','6db4c0f9a7ae4231b6e6d18b99fbe56c','天花板','15722448773','江苏省 南京市 玄武区','gjn','江苏省 苏州市','221.224.213.234',0,NULL,NULL,NULL,NULL,NULL),
	('1508395251951','2017-10-19 14:40:51',49,49.00,0.00,'0',0.00,'2','d8b8c0ffcebc4fb4bfad41413afcf6d3','1588','18521529110','江苏省 南京市 玄武区','可邋遢','江苏省 ','117.136.45.47',0,NULL,NULL,NULL,NULL,NULL),
	('1508401593576','2017-10-19 16:26:33',49,49.00,0.00,'0',0.00,'2','72078b17d1fa421a81eea72364cb2109','飞飞哥','157858488','江苏省 南京市 玄武区','富贵花','江苏省 苏州市','221.224.213.234',0,NULL,NULL,NULL,NULL,NULL),
	('1508401598249','2017-10-19 16:26:38',49,49.00,0.00,'0',0.00,'2','6cb711714dfb4ce39447ae470dbbf68d','钱晓敏','13771849034','江苏省 苏州市 吴中区','横泾镇秀泾苑南区','江苏省 ','117.136.68.148',0,NULL,NULL,NULL,NULL,NULL),
	('1508401780014','2017-10-19 16:29:40',0,0.01,0.00,'0',0.00,'2','d8b8c0ffcebc4fb4bfad41413afcf6d3','1588','18521529110','江苏省 南京市 玄武区','可邋遢','江苏省 ','117.136.45.47',1,NULL,NULL,NULL,NULL,NULL),
	('1508403568732','2017-10-19 16:59:28',49,49.00,0.00,'0',0.00,'2','6db4c0f9a7ae4231b6e6d18b99fbe56c','天花板','15722448773','江苏省 南京市 玄武区','gjn','江苏省 苏州市','221.224.213.234',0,NULL,NULL,NULL,NULL,NULL),
	('1508486554872','2017-10-20 16:02:35',450,450.00,0.00,'0',0.00,'2','288b3af8499e4743b229af58519df2ee','李奇峰','18521529110','江苏省 南京市 玄武区','58741','江苏省 南京市','49.92.106.151',0,NULL,NULL,NULL,NULL,NULL),
	('1508550039074','2017-10-21 09:40:39',1198,1198.00,0.00,'0',0.00,'2','4fb61e6b25c443ce9711c7fbcf2c2edc','曹鑫','18114352759','江苏省 苏州市 吴中区','高新区塔园路98号新技术产业园8号楼嘉禾集团','江苏省 南京市','49.90.22.194',0,NULL,NULL,NULL,NULL,NULL),
	('1508551460649','2017-10-21 10:04:20',49,49.00,0.00,'0',0.00,'2','d8b8c0ffcebc4fb4bfad41413afcf6d3','1588','18521529110','江苏省 南京市 玄武区','可邋遢','江苏省 ','117.136.68.150',0,NULL,NULL,NULL,NULL,NULL),
	('1508556960411','2017-10-21 11:36:00',350,350.00,0.00,'0',0.00,'2','288b3af8499e4743b229af58519df2ee','李奇峰','18521529110','江苏省 南京市 玄武区','58741','江苏省 南京市','49.92.106.151',0,NULL,NULL,NULL,NULL,NULL),
	('1508741383349','2017-10-23 14:49:43',49,49.00,0.00,'0',0.00,'2','72078b17d1fa421a81eea72364cb2109','飞飞哥','157858488','江苏省 南京市 玄武区','富贵花','江苏省 苏州市','122.193.106.243',0,NULL,NULL,NULL,NULL,NULL),
	('1508741442333','2017-10-23 14:50:42',49,49.00,0.00,'0',0.00,'2','288b3af8499e4743b229af58519df2ee','李奇峰','18521529110','江苏省 南京市 玄武区','58741','江苏省 南京市','180.99.98.161',0,NULL,NULL,NULL,NULL,NULL),
	('1508741467599','2017-10-23 14:51:07',1286,1286.00,0.00,'0',0.00,'2','72078b17d1fa421a81eea72364cb2109','飞飞哥','157858488','江苏省 南京市 玄武区','富贵花','江苏省 苏州市','122.193.106.243',0,NULL,NULL,NULL,NULL,NULL),
	('1508741491239','2017-10-23 14:51:31',6,5.80,0.00,'0',0.00,'2','4fb61e6b25c443ce9711c7fbcf2c2edc','曹鑫','18114352759','江苏省 苏州市 吴中区','高新区塔园路98号新技术产业园8号楼嘉禾集团','江苏省 南京市','49.92.120.3',0,NULL,NULL,NULL,NULL,NULL),
	('1508741498161','2017-10-23 14:51:38',4514,4514.40,0.00,'0',0.00,'2','72078b17d1fa421a81eea72364cb2109','飞飞哥','157858488','江苏省 南京市 玄武区','富贵花',NULL,'122.193.106.243',0,NULL,NULL,NULL,NULL,NULL),
	('1508741510489','2017-10-23 14:51:50',39,39.00,0.00,'0',0.00,'2','4fb61e6b25c443ce9711c7fbcf2c2edc','曹鑫','18114352759','江苏省 苏州市 吴中区','高新区塔园路98号新技术产业园8号楼嘉禾集团','江苏省 南京市','49.92.120.3',0,NULL,NULL,NULL,NULL,NULL),
	('1508751123872','2017-10-23 17:32:03',49,49.00,0.00,'0',0.00,'2','d8b8c0ffcebc4fb4bfad41413afcf6d3','1588','18521529110','江苏省 南京市 玄武区','可邋遢','江苏省 ','117.136.68.28',0,NULL,NULL,NULL,NULL,NULL),
	('1508752032212','2017-10-23 17:47:12',49,49.00,0.00,'0',0.00,'2','d8b8c0ffcebc4fb4bfad41413afcf6d3','1588','18521529110','江苏省 南京市 玄武区','可邋遢','江苏省 ','117.136.68.28',0,NULL,NULL,NULL,NULL,NULL),
	('1508758306213','2017-10-23 19:31:46',350,350.00,0.00,'0',0.00,'2','94daa7b30b5e4d0a8bbc7e492afb01f1','林正波','15995745854','江苏省 南京市 玄武区','江苏','江苏省 ','117.136.66.165',0,NULL,NULL,NULL,NULL,NULL),
	('1508808277494','2017-10-24 09:24:37',49,49.00,0.00,'0',0.00,'2','d8b8c0ffcebc4fb4bfad41413afcf6d3','1588','18521529110','江苏省 南京市 玄武区','可邋遢','江苏省 ','117.136.67.72',0,NULL,NULL,NULL,NULL,NULL),
	('1508808511435','2017-10-24 09:28:31',49,49.00,0.00,'0',0.00,'2','d8b8c0ffcebc4fb4bfad41413afcf6d3','1588','18521529110','江苏省 南京市 玄武区','可邋遢','江苏省 ','117.136.67.72',0,NULL,NULL,NULL,NULL,NULL),
	('1508808535435','2017-10-24 09:28:55',49,49.00,0.00,'0',0.00,'2','d8b8c0ffcebc4fb4bfad41413afcf6d3','1588','18521529110','江苏省 南京市 玄武区','可邋遢',NULL,'117.136.67.72',0,NULL,NULL,NULL,NULL,NULL),
	('1508808548576','2017-10-24 09:29:08',49,49.00,0.00,'0',0.00,'2','d8b8c0ffcebc4fb4bfad41413afcf6d3','1588','18521529110','江苏省 南京市 玄武区','可邋遢','江苏省 ','117.136.67.72',0,NULL,NULL,NULL,NULL,NULL),
	('1508808567357','2017-10-24 09:29:27',1198,1198.00,0.00,'0',0.00,'2','d8b8c0ffcebc4fb4bfad41413afcf6d3','1588','18521529110','江苏省 南京市 玄武区','可邋遢','江苏省 ','117.136.67.72',0,NULL,NULL,NULL,NULL,NULL),
	('1508808586982','2017-10-24 09:29:47',350,350.00,0.00,'0',0.00,'2','d8b8c0ffcebc4fb4bfad41413afcf6d3','1588','18521529110','江苏省 南京市 玄武区','可邋遢','江苏省 ','117.136.67.72',0,NULL,NULL,NULL,NULL,NULL),
	('1508808600092','2017-10-24 09:30:00',49,49.00,0.00,'0',0.00,'2','d8b8c0ffcebc4fb4bfad41413afcf6d3','1588','18521529110','江苏省 南京市 玄武区','可邋遢','江苏省 ','117.136.67.72',0,NULL,NULL,NULL,NULL,NULL),
	('1508811428347','2017-10-24 10:17:08',200,200.00,0.00,'0',0.00,'2','d8b8c0ffcebc4fb4bfad41413afcf6d3','1588','18521529110','江苏省 南京市 玄武区','可邋遢','江苏省 ','117.136.67.72',0,NULL,NULL,NULL,NULL,NULL),
	('1508901376104','2017-10-25 11:16:16',1247,1247.00,0.00,'0',0.00,'2','d8b8c0ffcebc4fb4bfad41413afcf6d3','1588','18521529110','江苏省 南京市 玄武区','可邋遢','江苏省 ','223.104.4.231',0,NULL,NULL,NULL,NULL,NULL),
	('1508924662530','2017-10-25 17:44:22',49,49.00,0.00,'0',0.00,'2','d8b8c0ffcebc4fb4bfad41413afcf6d3','1588','18521529110','江苏省 南京市 玄武区','可邋遢','江苏省 ','223.104.4.231',0,NULL,NULL,NULL,NULL,NULL);

/*!40000 ALTER TABLE `shop_order` ENABLE KEYS */;
UNLOCK TABLES;


# Dump of table shop_order_detail
# ------------------------------------------------------------

DROP TABLE IF EXISTS `shop_order_detail`;

CREATE TABLE `shop_order_detail` (
  `order_detail_id` varchar(255) NOT NULL,
  `goods_id` varchar(255) DEFAULT NULL,
  `goods_pic` varchar(255) DEFAULT NULL,
  `goods_name` varchar(255) DEFAULT NULL,
  `goods_price` decimal(10,2) DEFAULT NULL,
  `goods_count` int(11) DEFAULT NULL,
  `goods_total` decimal(10,2) DEFAULT NULL,
  `attribute_detail_id` varchar(255) DEFAULT NULL,
  `attribute_detail_name` varchar(255) DEFAULT '' COMMENT '属性/规格',
  `pay_total` decimal(10,2) DEFAULT NULL,
  `order_id` varchar(255) DEFAULT NULL,
  `sort` int(11) DEFAULT NULL,
  `status` int(11) DEFAULT NULL COMMENT '状态,0未支付，1 已支付，2已发货，3待退款，4退款成功，5交易成功,待评价，6评价完成',
  PRIMARY KEY (`order_detail_id`)
) ENGINE=InnoDB DEFAULT CHARSET=utf8;

LOCK TABLES `shop_order_detail` WRITE;
/*!40000 ALTER TABLE `shop_order_detail` DISABLE KEYS */;

INSERT INTO `shop_order_detail` (`order_detail_id`, `goods_id`, `goods_pic`, `goods_name`, `goods_price`, `goods_count`, `goods_total`, `attribute_detail_id`, `attribute_detail_name`, `pay_total`, `order_id`, `sort`, `status`)
VALUES
	('053b01e49c2e4e458ac9dc2cce2f45fb','071972a79097412b881ca6ac0c64f1f4','/mallupload/1507634731184.png','KHVANCHKARA 赫万奇卡拉',350.00,3,1050.00,NULL,'半甜红葡萄酒',1050.00,'1508317860016',0,0),
	('06302bfe6084404695e9d58bda1dbad7','05b87c4206da4c8e81ae774317248725','/mallupload/1500608478653.png','Huawei/华为 Mate 9商务手机正品mate9',3099.00,1,3099.00,NULL,'月光银,64G',3099.00,'1507597770695',0,0),
	('0983d8c6e34947fab7e955d6d976baec','511f7626ad3e45e69a543d9af5dfb2dd','/mallupload/1507777776378.png','谷笑爷坚果麦片早餐冲饮混合谷物水果仁燕麦营养即食免煮进口食品',49.00,1,49.00,NULL,'',49.00,'1508551460649',0,0),
	('098b2ec4da514b619ed1b2f7c6c82b70','1f64c5d4a310499698bf4b875c44650f','/mallupload/1507720238047.png','组合沙发小户型可拆洗布沙发L型小沙发 客厅 整装家具',4514.40,1,4514.40,NULL,'多人,A款（浅蓝+浅灰）',4514.40,'1508741498161',0,0),
	('0abe9a3f23b34d99a2ed888c9769fcf4','1b900354c9314caca37c98a9412d9ab6','/mallupload/1507634070359.png','BADAGONI阿拉维蒂',1286.00,1,1286.00,NULL,'干白',1286.00,'1508741467599',0,0),
	('0d53ff5e99944131be1834b6d29961d8','05b87c4206da4c8e81ae774317248725','/mallupload/1500608478653.png','Huawei/华为 Mate 9商务手机正品mate9',3499.00,1,3499.00,NULL,'黑色,128G',3499.00,'1500647363008',0,0),
	('0dd9f868d56b40de80fd24c58b8ae75f','511f7626ad3e45e69a543d9af5dfb2dd','/mallupload/1507777776378.png','谷笑爷坚果麦片早餐冲饮混合谷物水果仁燕麦营养即食免煮进口食品',49.00,1,49.00,NULL,'',49.00,'1508401593576',0,0),
	('106130a30130442181f8a0402b984f49','1b900354c9314caca37c98a9412d9ab6','/mallupload/1507634070359.png','BADAGONI阿拉维蒂',1198.00,1,1198.00,NULL,'干红',1198.00,'1508901376104',0,0),
	('109bff9ff3d24df5b6d126b5b86e55c8','511f7626ad3e45e69a543d9af5dfb2dd','/mallupload/1507777776378.png','谷笑爷坚果麦片早餐冲饮混合谷物水果仁燕麦营养即食免煮进口食品',49.00,1,49.00,NULL,'',49.00,'1508808277494',0,0),
	('10c6cfe0fbbd4927958d2a6672e3d5c3','511f7626ad3e45e69a543d9af5dfb2dd','/mallupload/1507777776378.png','谷笑爷坚果麦片早餐冲饮混合谷物水果仁燕麦营养即食免煮进口食品',49.00,1,49.00,NULL,'',49.00,'1508808548576',0,0),
	('16062b3782ac4d7aa7891b4ba44a9d39','511f7626ad3e45e69a543d9af5dfb2dd','/mallupload/1507777776378.png','谷笑爷坚果麦片早餐冲饮混合谷物水果仁燕麦营养即食免煮进口食品',49.00,1,49.00,NULL,'',49.00,'1508752032212',0,0),
	('174e640cf72e4078be53991e547a03d1','511f7626ad3e45e69a543d9af5dfb2dd','/mallupload/1507777776378.png','谷笑爷坚果麦片早餐冲饮混合谷物水果仁燕麦营养即食免煮进口食品',49.00,1,49.00,NULL,'',49.00,'1508390791589',0,0),
	('1c676d93b1424713a460db2182bd4cac','511f7626ad3e45e69a543d9af5dfb2dd','/mallupload/1507777776378.png','谷笑爷坚果麦片早餐冲饮混合谷物水果仁燕麦营养即食免煮进口食品',49.00,1,49.00,NULL,'',49.00,'1508808600092',0,0),
	('2922568d6f3b4647b4ea5a58eaf28e37','511f7626ad3e45e69a543d9af5dfb2dd','/mallupload/1507777776378.png','谷笑爷坚果麦片早餐冲饮混合谷物水果仁燕麦营养即食免煮进口食品',49.00,1,49.00,NULL,'',49.00,'1508924662530',0,0),
	('35bc4cfcb6574beda1a72df3e70f6e79','05b87c4206da4c8e81ae774317248725','/mallupload/1500608478653.png','Huawei/华为 Mate 9商务手机正品mate9',3099.00,1,3099.00,NULL,'月光银,64G',3099.00,'1507614897965',0,0),
	('3a3ad048783a479cb217b5c745c820e0','05b87c4206da4c8e81ae774317248725','/mallupload/1500608478653.png','Huawei/华为 Mate 9商务手机正品mate9',3499.00,1,3499.00,NULL,'黑色,128G',3499.00,'1500647393337',0,0),
	('4495c94551154eeb850a4fd004506c77','38c3408d545c4ef983f62be531bf2b0f','/mallupload/1507633860084.png','AKHASHENI阿哈申尼半甜红葡萄酒',200.00,1,200.00,NULL,'半甜红',200.00,'1508811428347',0,0),
	('4767c378086b438fb5e0576254fe7b62','511f7626ad3e45e69a543d9af5dfb2dd','/mallupload/1507777776378.png','谷笑爷坚果麦片早餐冲饮混合谷物水果仁燕麦营养即食免煮进口食品',49.00,1,49.00,NULL,'',49.00,'1508390930787',0,0),
	('4f6cfc2ab3924296ab02ffdd41095ce5','1b900354c9314caca37c98a9412d9ab6','/mallupload/1507634070359.png','BADAGONI阿拉维蒂',1198.00,1,1198.00,NULL,'干红',1198.00,'1508550039074',0,0),
	('52ee05acecdb439682bb3a3ec3103bd6','b4c6f995113c4b788979076c96059ed3','/mallupload/1507703820798.png','日本进口零食 三立奶油抹茶巧克力夹心薄酥饼干糕点休闲食品*3盒',39.00,1,39.00,NULL,'抹茶2盒+黑巧1盒',39.00,'1508741510489',0,0),
	('57b4a67cf9414316aac66418304a3cce','511f7626ad3e45e69a543d9af5dfb2dd','/mallupload/1507777776378.png','谷笑爷坚果麦片早餐冲饮混合谷物水果仁燕麦营养即食免煮进口食品',49.00,1,49.00,NULL,'',49.00,'1508393629341',0,0),
	('5f495841d7954cfeb7706b6df5d4d85c','511f7626ad3e45e69a543d9af5dfb2dd','/mallupload/1507777776378.png','谷笑爷坚果麦片早餐冲饮混合谷物水果仁燕麦营养即食免煮进口食品',49.00,1,49.00,NULL,'',49.00,'1508401598249',0,0),
	('6310e999cffc4822a11f522a6e6b2efa','071972a79097412b881ca6ac0c64f1f4','/mallupload/1507634731184.png','KHVANCHKARA 赫万奇卡拉',350.00,1,350.00,NULL,'半甜红葡萄酒',350.00,'1508808586982',0,0),
	('64739a77eb674d91aa90b93b57d5b661','071972a79097412b881ca6ac0c64f1f4','/mallupload/1507634731184.png','KHVANCHKARA 赫万奇卡拉',350.00,3,1050.00,NULL,'半甜红葡萄酒',1050.00,'1508317863064',0,0),
	('6acda2d611124197a6e0fa0a63ffa713','627f21ccf893421ead0be760f9f8c01d','/mallupload/1500609225036.png','臻选CTF订购 周大福珠宝首饰倾心订制臻美钻石 裸钻50分 60分GS',0.01,1,0.01,NULL,'SI/小瑕,D-E/极白,30分',0.01,'1500785154572',0,0),
	('6f30aebdb1a24f3496ba20c92d2dcaa3','511f7626ad3e45e69a543d9af5dfb2dd','/mallupload/1507777776378.png','谷笑爷坚果麦片早餐冲饮混合谷物水果仁燕麦营养即食免煮进口食品',49.00,1,49.00,NULL,'',49.00,'1508403568732',0,0),
	('760f54171b13475b9c2c996e670b9fb0','8771a856aecf4c0293e3a5eba79a2725','/mallupload/1507721594674.png','现代中式实木餐桌小户型客厅餐厅胡桃木长方形原木餐台',4672.50,1,4672.50,NULL,'餐桌+4椅',4672.50,'1507770957275',0,0),
	('76fd4159583f4abcb19b1dafdbd25455','05b87c4206da4c8e81ae774317248725','/mallupload/1500608478653.png','Huawei/华为 Mate 9商务手机正品mate9',3099.00,1,3099.00,NULL,'月光银,64G',3049.00,'1507598419959',0,0),
	('7db36bd35af74f5191981ac4bc12f345','05b87c4206da4c8e81ae774317248725','/mallupload/1500608478653.png','Huawei/华为 Mate 9商务手机正品mate9',3099.00,1,3099.00,NULL,'月光银,64G',3099.00,'1507614079741',0,0),
	('80a6deb32e39491d93ef98a88efb775f','511f7626ad3e45e69a543d9af5dfb2dd','/mallupload/1507777776378.png','谷笑爷坚果麦片早餐冲饮混合谷物水果仁燕麦营养即食免煮进口食品',49.00,1,49.00,NULL,'',49.00,'1508394628377',0,0),
	('8132c3265c6944cfa2334a3859134a54','511f7626ad3e45e69a543d9af5dfb2dd','/mallupload/1507777776378.png','谷笑爷坚果麦片早餐冲饮混合谷物水果仁燕麦营养即食免煮进口食品',49.00,1,49.00,NULL,'',49.00,'1508395251951',0,0),
	('86c560a6cb2f4edaad55af4bf65b82b0','511f7626ad3e45e69a543d9af5dfb2dd','/mallupload/1507777776378.png','谷笑爷坚果麦片早餐冲饮混合谷物水果仁燕麦营养即食免煮进口食品',49.00,1,49.00,NULL,'',49.00,'1508335677846',0,0),
	('8989e0788dcb4e65adf7d3cec014661a','05b87c4206da4c8e81ae774317248725','/mallupload/1500608478653.png','Huawei/华为 Mate 9商务手机正品mate9',3499.00,1,3499.00,NULL,'黑色,128G',3449.00,'1500647836067',0,0),
	('89f956e9d6804b52a27a3f846f0f4f1f','05b87c4206da4c8e81ae774317248725','/mallupload/1500608478653.png','Huawei/华为 Mate 9商务手机正品mate9',3099.00,1,3099.00,NULL,'月光银,64G',3099.00,'1507562668052',0,0),
	('91cfbd603fb245d6aca307c03a4dc07f','7eb0c24106514e02be09c27f0b5f6f81','/mallupload/1507701669176.png','澳门进口零食品乔凡娜 北海道布朗尼巧克力蛋糕52g2枚入早餐糕点',5.80,1,5.80,NULL,'白巧克力味',5.80,'1508741491239',0,0),
	('9a58f4c7849b481e8448c5380e6e870e','511f7626ad3e45e69a543d9af5dfb2dd','/mallupload/1507777776378.png','谷笑爷坚果麦片早餐冲饮混合谷物水果仁燕麦营养即食免煮进口食品',49.00,1,49.00,NULL,'',49.00,'1508901376104',1,0),
	('9bba8f17dc4f478a8f40a133981fcf93','2646dd5d556d4c12a7f598ec77838803','/mallupload/1507721198880.png','伊朗天然白洞石大理石茶几简约现代长方形创意客厅家具',3231.20,1,3231.20,NULL,'组装,白洞130*80*35',3231.20,'1508376078756',0,0),
	('9da60bfea3c5483da59a7f52a44eb89d','627f21ccf893421ead0be760f9f8c01d','/mallupload/1500609225036.png','臻选CTF订购 周大福珠宝首饰倾心订制臻美钻石 裸钻50分 60分GS',0.01,1,0.01,NULL,'SI/小瑕,D-E/极白,30分',0.01,'1500895551046',0,0),
	('9f8485c711a045389ad51ed707b20434','511f7626ad3e45e69a543d9af5dfb2dd','/mallupload/1507777776378.png','谷笑爷坚果麦片早餐冲饮混合谷物水果仁燕麦营养即食免煮进口食品',49.00,1,49.00,NULL,'',49.00,'1508392008359',0,0),
	('a4ded54c43174a658424283cfb970b07','511f7626ad3e45e69a543d9af5dfb2dd','/mallupload/1507777776378.png','谷笑爷坚果麦片早餐冲饮混合谷物水果仁燕麦营养即食免煮进口食品',49.00,1,49.00,NULL,'',49.00,'1508392399441',0,0),
	('aa85ecc5c7f64c52a9de72f104dca437','511f7626ad3e45e69a543d9af5dfb2dd','/mallupload/1507777776378.png','谷笑爷坚果麦片早餐冲饮混合谷物水果仁燕麦营养即食免煮进口食品',49.00,1,49.00,NULL,'',49.00,'1508751123872',0,0),
	('abcc968626144271a21ca05c6d048a43','05b87c4206da4c8e81ae774317248725','/mallupload/1500608478653.png','Huawei/华为 Mate 9商务手机正品mate9',3099.00,1,3099.00,NULL,'月光银,64G',3099.00,'1507597766773',0,0),
	('aff5f214f92944ec9918da672d94886c','05b87c4206da4c8e81ae774317248725','/mallupload/1500608478653.png','Huawei/华为 Mate 9商务手机正品mate9',3099.00,1,3099.00,NULL,'月光银,64G',3099.00,'1507614039943',0,0),
	('b3676396f40e4d34b7dc152a5bf95c94','1b900354c9314caca37c98a9412d9ab6','/mallupload/1507634070359.png','BADAGONI阿拉维蒂',1198.00,1,1198.00,NULL,'干红',1198.00,'1508808567357',0,0),
	('b809216495b443c08a47602368ed71c9','511f7626ad3e45e69a543d9af5dfb2dd','/mallupload/1507777776378.png','谷笑爷坚果麦片早餐冲饮混合谷物水果仁燕麦营养即食免煮进口食品',49.00,1,49.00,NULL,'',49.00,'1508808511435',0,0),
	('ba0db255e4d2440aa5ac6a84a524d6e9','627f21ccf893421ead0be760f9f8c01d','/mallupload/1500609225036.png','臻选CTF订购 周大福珠宝首饰倾心订制臻美钻石 裸钻50分 60分GS',0.04,1,0.04,NULL,'VS/微瑕,F-G/优白,30分',0.04,'1500899034861',0,2),
	('bf3dabe4e92146dda8cff429fd8e980e','511f7626ad3e45e69a543d9af5dfb2dd','/mallupload/1507777776378.png','谷笑爷坚果麦片早餐冲饮混合谷物水果仁燕麦营养即食免煮进口食品',49.00,1,49.00,NULL,'',49.00,'1508741442333',0,0),
	('c26df75ca44b410f9c46ee22757ce6e4','071972a79097412b881ca6ac0c64f1f4','/mallupload/1507634731184.png','KHVANCHKARA 赫万奇卡拉',350.00,1,350.00,NULL,'半甜红葡萄酒',350.00,'1508556960411',0,0),
	('c7ecc52f893448c8aceca7ddb021fc77','511f7626ad3e45e69a543d9af5dfb2dd','/mallupload/1507777776378.png','谷笑爷坚果麦片早餐冲饮混合谷物水果仁燕麦营养即食免煮进口食品',49.00,1,49.00,NULL,'',49.00,'1508808535435',0,0),
	('c8daa8d896ec4332ae0662f2ae0b5069','627f21ccf893421ead0be760f9f8c01d','/mallupload/1500609225036.png','臻选CTF订购 周大福珠宝首饰倾心订制臻美钻石 裸钻50分 60分GS',0.03,1,0.03,NULL,'VS/微瑕,D-E/极白,30分',0.03,'1507615671288',0,5),
	('cfb4ea2048fa493d9e6f4ec2fb65a5b7','071972a79097412b881ca6ac0c64f1f4','/mallupload/1507634731184.png','KHVANCHKARA 赫万奇卡拉',350.00,1,350.00,NULL,'半甜红葡萄酒',350.00,'1508758306213',0,0),
	('d25bb116295a41be88e28a8536cea560','2f4da1f42c8541208bec5f88f7c972d4','/mallupload/1507635440535.png','PIROSMANI皮罗曼尼',450.00,1,450.00,NULL,'半甜干葡萄酒',450.00,'1508486554872',0,0),
	('d662d454b8704ddabbc45271428bf0ff','05b87c4206da4c8e81ae774317248725','/mallupload/1500608478653.png','Huawei/华为 Mate 9商务手机正品mate9',3099.00,1,3099.00,NULL,'月光银,64G',3099.00,'1507562659820',0,0),
	('df7f404c773846cf8f08632265f1b3f4','511f7626ad3e45e69a543d9af5dfb2dd','/mallupload/1507777776378.png','谷笑爷坚果麦片早餐冲饮混合谷物水果仁燕麦营养即食免煮进口食品',49.00,1,49.00,NULL,'',49.00,'1508741383349',0,0),
	('f17fadf8d9d242c69026d94f034ce6b2','627f21ccf893421ead0be760f9f8c01d','/mallupload/1500609225036.png','臻选CTF订购 周大福珠宝首饰倾心订制臻美钻石 裸钻50分 60分GS',0.03,1,0.03,NULL,'VS/微瑕,D-E/极白,30分',0.03,'1507607656539',0,0),
	('f3e2af3c61984459a724fdfd319e7814','511f7626ad3e45e69a543d9af5dfb2dd','/mallupload/1507777776378.png','谷笑爷坚果麦片早餐冲饮混合谷物水果仁燕麦营养即食免煮进口食品',0.01,1,0.01,NULL,'',0.01,'1508401780014',0,1),
	('f4aed78f2d3b46ceaf5fcf412e6d8d53','05b87c4206da4c8e81ae774317248725','/mallupload/1500608478653.png','Huawei/华为 Mate 9商务手机正品mate9',3099.00,1,3099.00,NULL,'月光银,64G',3099.00,'1507613679680',0,0),
	('f9199fe173f34d03853df9afefca5f87','627f21ccf893421ead0be760f9f8c01d','/mallupload/1500609225036.png','臻选CTF订购 周大福珠宝首饰倾心订制臻美钻石 裸钻50分 60分GS',0.01,1,0.01,NULL,'SI/小瑕,D-E/极白,30分',0.01,'1500897553542',0,0);

/*!40000 ALTER TABLE `shop_order_detail` ENABLE KEYS */;
UNLOCK TABLES;


# Dump of table shop_record
# ------------------------------------------------------------

DROP TABLE IF EXISTS `shop_record`;

CREATE TABLE `shop_record` (
  `record_id` varchar(100) NOT NULL,
  `order_id` varchar(255) DEFAULT NULL COMMENT '订单id',
  `record_note` varchar(255) DEFAULT NULL COMMENT '备注',
  `addtime` varchar(255) DEFAULT NULL COMMENT '时间',
  PRIMARY KEY (`record_id`)
) ENGINE=InnoDB DEFAULT CHARSET=utf8;

LOCK TABLES `shop_record` WRITE;
/*!40000 ALTER TABLE `shop_record` DISABLE KEYS */;

INSERT INTO `shop_record` (`record_id`, `order_id`, `record_note`, `addtime`)
VALUES
	('0bdcd439333f42bea4c9da8c8156a711','1508318593184','下单时间','2017-10-18 17:23:13'),
	('0c6d3745df394e0cadb250e7da70eff7','1508924662530','下单时间','2017-10-25 17:44:22'),
	('0fa5b325bae34d02bef8eb3144bd9715','1507615671288','付款时间','2017-10-10 14:08:03'),
	('1088394cef6d4e9f834a8f9a4436ac1b','1507615671288','确认收货','2017-10-10 14:09:01'),
	('15b882f0114a43bf9546342019a2e33e','1508313468262','下单时间','2017-10-18 15:57:48'),
	('18638a95be62413b9b83d822ac3ce371','1507562668052','下单时间','2017-10-09 23:24:28'),
	('1bd358db96514598b9dec030bc9441d9','1508376078756','下单时间','2017-10-19 09:21:18'),
	('2029b586eb524b55b74d174ad3129281','1508808586982','下单时间','2017-10-24 09:29:47'),
	('210acd11ee0e419da40b5afdb369094d','1508317863064','下单时间','2017-10-18 17:11:03'),
	('21ceeec64b7e431c8dcecc640650456b','1507598419959','下单时间','2017-10-10 09:20:19'),
	('233c20b56fc64d78a1cd0778623c2495','1508751123872','下单时间','2017-10-23 17:32:03'),
	('27ee6265cf5d4a049c66626b34f50942','1507607661451','下单时间','2017-10-10 11:54:21'),
	('303898056c8b4fe3910b9d8538d431c9','1508401780014','付款时间','2017-10-19 16:29:48'),
	('3434a047283e48f4943c9189b6e38266','1508808548576','下单时间','2017-10-24 09:29:08'),
	('38205109e4b147bbbe9ef20570ff05fb','1508808511435','下单时间','2017-10-24 09:28:31'),
	('3b5ac7b278564ebca5f4c138f1c7f097','1507597766773','下单时间','2017-10-10 09:09:26'),
	('3ea5bfa0710144258814623dc94d2dfe','1508392008359','下单时间','2017-10-19 13:46:48'),
	('4065dd9a47fb4d8e895cd07cf3ae2f16','1508310681035','下单时间','2017-10-18 15:11:21'),
	('40f97e8045704278814413086b3d5712','1508550039074','下单时间','2017-10-21 09:40:39'),
	('4936084064ba434db8dcdc9e5e2563fc','1508901376104','下单时间','2017-10-25 11:16:16'),
	('4cf83a6b47394200ad03795558b7c087','1507614039943','下单时间','2017-10-10 13:40:39'),
	('509fb070a0d34768b75a38ec44c9c43a','1508741491239','下单时间','2017-10-23 14:51:31'),
	('5bc59c4f13f3442d8d142ccf142584ea','1508395251951','下单时间','2017-10-19 14:40:51'),
	('659b1c340d0f4d1e8244232f7c802281','1508392399441','下单时间','2017-10-19 13:53:19'),
	('682d1d9f610b466790f7c9fa0a1c34cb','1508317860016','下单时间','2017-10-18 17:11:00'),
	('6e0af379d0d0438a95d66d8fba076c9d','1508551460649','下单时间','2017-10-21 10:04:20'),
	('76fda428761b4b20b51c8c8e7fc72dee','1508397238032','下单时间','2017-10-19 15:13:58'),
	('77428398452e46f7b5a744d65b8e4441','1508310892735','下单时间','2017-10-18 15:14:52'),
	('77524a4873554fd9a6893bf84fbdfc04','1508377511691','下单时间','2017-10-19 09:45:11'),
	('79b9069a54c846bd8f81becb94894201','1508741498161','下单时间','2017-10-23 14:51:38'),
	('79d4b9792b9d4162afeb8dec323e2b98','1508401310386','下单时间','2017-10-19 16:21:50'),
	('7cb4904b5b824b308b25cf4f7ed59f09','1507692248685','下单时间','2017-10-11 11:24:08'),
	('7d56928c1a4d4fe297b6c998d8764fbf','1500898166637','下单时间','2017-07-24 20:09:26'),
	('7d8a8e93cc6c4d349248a4af9e48b316','1508401780014','下单时间','2017-10-19 16:29:40'),
	('8351fb012a8b42e6ae633243993eaf8f','1508398130948','下单时间','2017-10-19 15:28:50'),
	('83a5cfe649274006a5046b0f7d153bcf','1508310030024','下单时间','2017-10-18 15:00:30'),
	('86cb12de7efa4c4b8cc05f86159bd524','1507692178816','下单时间','2017-10-11 11:22:58'),
	('88d02e443c3d4f58beec02dec2878a03','1508556960411','下单时间','2017-10-21 11:36:00'),
	('8a79115c25ca4299abc991178f3f75d8','1507614897965','下单时间','2017-10-10 13:54:57'),
	('8a99b925532f4f46aee022c8f0ad900c','1508310066031','下单时间','2017-10-18 15:01:06'),
	('8c30794283224d988675ecde10743e3f','1508390791589','下单时间','2017-10-19 13:26:31'),
	('8daedb84e3f34cecaa07b1ca97cf78f2','1507562659820','下单时间','2017-10-09 23:24:19'),
	('8fc781b4cf2a4d6d8f18ad7a61a1f2d0','1507613679680','下单时间','2017-10-10 13:34:39'),
	('9533683abc024536b881365c4e9630a2','1508321693555','下单时间','2017-10-18 18:14:53'),
	('958526ed393547d1a248cdc55f7363ca','1508741442333','下单时间','2017-10-23 14:50:42'),
	('960c97861673459aa44801fee5861e75','1508308710431','下单时间','2017-10-18 14:38:30'),
	('9aed00e38f8744bda03d45b3ef738069','1508403568732','下单时间','2017-10-19 16:59:28'),
	('9cc2a0ab2f594cd48d82fe5b539ded52','1508401593576','下单时间','2017-10-19 16:26:33'),
	('a36af39b83b4461cbc8ce67eb39e982d','1508401598249','下单时间','2017-10-19 16:26:38'),
	('a53b7efc12044052a92050c3549455f8','1508390930787','下单时间','2017-10-19 13:28:50'),
	('a5b1812ee7c0454d96a900b267668943','1508401228517','下单时间','2017-10-19 16:20:28'),
	('a68435f4b57c4135aba43d310535b50c','1508808535435','下单时间','2017-10-24 09:28:55'),
	('a8d57dc45b0648788d1c1c9bee865834','1508335677846','下单时间','2017-10-18 22:07:57'),
	('af1a492ee84044f5a8e40995bbea1ea9','1507615671288','下单时间','2017-10-10 14:07:51'),
	('b0ad55a169e747c3909dea42c5d724e5','1508392428651','下单时间','2017-10-19 13:53:48'),
	('b2984b7b1a024282a56dc94d892080c1','1508741467599','下单时间','2017-10-23 14:51:07'),
	('b9e94f7ff96c48d7ade2969c8787e844','1507611352146','下单时间','2017-10-10 12:55:52'),
	('bd5ff85104344fb0bb408ca3916372d0','1508393629341','下单时间','2017-10-19 14:13:49'),
	('bd840497e5534d4db8ea697a52eb6d8e','1508394628377','下单时间','2017-10-19 14:30:28'),
	('c199caa4b2044c04af5e4c735a49e05c','1508811428347','下单时间','2017-10-24 10:17:08'),
	('c2de5e3165b246deb2d5ad53a439ce95','1508741510489','下单时间','2017-10-23 14:51:50'),
	('c52c2e9036ef4306a532eaecf58ae9c8','1508392116947','下单时间','2017-10-19 13:48:37'),
	('c5af14f2959b4bc699e8c9d381f118c9','1507607656539','下单时间','2017-10-10 11:54:16'),
	('c9134d6d1f894f5caad5f90b43882ab6','1507597770695','下单时间','2017-10-10 09:09:30'),
	('cb1a7e8c02b04e1687279e7b2234c9d0','1508399302146','下单时间','2017-10-19 15:48:22'),
	('cb3f6adcdfe743abb8c53dd4f83c06d9','1508808600092','下单时间','2017-10-24 09:30:00'),
	('cfc390eda24b4959bd92f9ba22e39e4d','1508321951087','下单时间','2017-10-18 18:19:11'),
	('d1773dd7f05049bd8c0eca80b1c21f05','1508399587748','下单时间','2017-10-19 15:53:07'),
	('d1c2b5791d1c4e25858cf5430c4d5ead','1507614079741','下单时间','2017-10-10 13:41:19'),
	('d1ff5613b1024d9e809e69af7942915d','1508486554872','下单时间','2017-10-20 16:02:35'),
	('d3940e44c95c46ecb69b51e01b128ce5','1508400685205','下单时间','2017-10-19 16:11:25'),
	('dcef673d43674e1b91220724b8330a18','1508741383349','下单时间','2017-10-23 14:49:43'),
	('e1c22066c2034c298996ab716381a300','1508383827723','下单时间','2017-10-19 11:30:27'),
	('e579772c3c844ec199a3b5bb4f51e772','1500899034861','付款时间','2017-07-24 20:40:55'),
	('e5b437d4da4d416188e54fc127e8a904','1508376991245','下单时间','2017-10-19 09:36:31'),
	('e8269a3fa6874627bf012335ed5d4eae','1508808567357','下单时间','2017-10-24 09:29:27'),
	('e8608a562ab84b068c45b1596e0baedf','1508752032212','下单时间','2017-10-23 17:47:12'),
	('ebfac458ad914339a7ef6548e4a3f8db','1508463194094','下单时间','2017-10-20 09:33:14'),
	('ee01abd6e8a74e4e8d9ac4282e2ef168','1507658270856','下单时间','2017-10-11 01:57:50'),
	('ef89cacbecf146669c2b0d2b635547cd','1507692183016','下单时间','2017-10-11 11:23:03'),
	('f487031e6a5c407596ee47b93613abea','1508318587915','下单时间','2017-10-18 17:23:07'),
	('fbb1064d6c4e46d2838cbd1db75366dc','1508758306213','下单时间','2017-10-23 19:31:46'),
	('fcd3d58f7746443481b2980169a2ea6f','1507607668649','下单时间','2017-10-10 11:54:28'),
	('fda60ec6bed74ae8aa11a93ab859d758','1508808277494','下单时间','2017-10-24 09:24:37'),
	('fde52ee31dd747b5a8d7c080c570a7f0','1508376336229','下单时间','2017-10-19 09:25:36'),
	('fe6fe18c843d41cdaf8313f4749a4fa8','1507770957275','下单时间','2017-10-12 09:15:57'),
	('ffceb96872cf484ea273d6efd71efe19','1508397245936','下单时间','2017-10-19 15:14:05');

/*!40000 ALTER TABLE `shop_record` ENABLE KEYS */;
UNLOCK TABLES;


# Dump of table shop_refund
# ------------------------------------------------------------

DROP TABLE IF EXISTS `shop_refund`;

CREATE TABLE `shop_refund` (
  `refund_id` varchar(100) NOT NULL,
  `order_id` varchar(255) DEFAULT NULL COMMENT '订单id',
  `order_detail_id` varchar(255) DEFAULT NULL COMMENT '订单详情id',
  `refund_price` decimal(10,2) DEFAULT NULL COMMENT '金额',
  `refund_explain` varchar(255) DEFAULT NULL COMMENT '退款说明',
  `addtime` varchar(255) DEFAULT NULL COMMENT '时间',
  PRIMARY KEY (`refund_id`)
) ENGINE=InnoDB DEFAULT CHARSET=utf8;



# Dump of table shop_search
# ------------------------------------------------------------

DROP TABLE IF EXISTS `shop_search`;

CREATE TABLE `shop_search` (
  `SEARCH_ID` varchar(100) NOT NULL,
  `CONTENT` varchar(255) DEFAULT NULL COMMENT '搜索词',
  `SORT` int(11) NOT NULL COMMENT '排序',
  PRIMARY KEY (`SEARCH_ID`)
) ENGINE=InnoDB DEFAULT CHARSET=utf8;

LOCK TABLES `shop_search` WRITE;
/*!40000 ALTER TABLE `shop_search` DISABLE KEYS */;

INSERT INTO `shop_search` (`SEARCH_ID`, `CONTENT`, `SORT`)
VALUES
	('32f9188b3bb947a78f1b10b2e0f7ed75','格鲁吉亚馆',4),
	('441ee6b5201340c4b828ed734613777f','男装',2),
	('97b2ebbf4a2a4ccfbca79fb2c9be9f4e','家纺',3),
	('e4f2bdd510a34f2289c53d2ff902a050','巴达果尼',1);

/*!40000 ALTER TABLE `shop_search` ENABLE KEYS */;
UNLOCK TABLES;


# Dump of table shop_user
# ------------------------------------------------------------

DROP TABLE IF EXISTS `shop_user`;

CREATE TABLE `shop_user` (
  `USER_ID` varchar(32) NOT NULL,
  `PHONE` varchar(255) DEFAULT '' COMMENT '手机号',
  `PASSWORD` varchar(255) DEFAULT '' COMMENT '密码',
  `USERNAME` varchar(255) DEFAULT '' COMMENT '昵称',
  `LEVEL` varchar(255) DEFAULT '' COMMENT '等级',
  `HEAD_IMG` varchar(255) DEFAULT '' COMMENT '头像',
  `ADDTIME` varchar(255) DEFAULT '' COMMENT '注册时间',
  `OPENID` varchar(255) DEFAULT '',
  `INTEGRAL_COUNT` varchar(255) DEFAULT '0' COMMENT '积分',
  `RECOMMEND` varchar(255) DEFAULT '' COMMENT '推荐人',
  `ALIPAY_ACCOUNT` varchar(255) DEFAULT NULL,
  `ALIPAY_NAME` varchar(255) DEFAULT NULL,
  `unionid` varchar(255) DEFAULT NULL COMMENT '全平台唯一id',
  PRIMARY KEY (`USER_ID`)
) ENGINE=InnoDB DEFAULT CHARSET=utf8;

LOCK TABLES `shop_user` WRITE;
/*!40000 ALTER TABLE `shop_user` DISABLE KEYS */;

INSERT INTO `shop_user` (`USER_ID`, `PHONE`, `PASSWORD`, `USERNAME`, `LEVEL`, `HEAD_IMG`, `ADDTIME`, `OPENID`, `INTEGRAL_COUNT`, `RECOMMEND`, `ALIPAY_ACCOUNT`, `ALIPAY_NAME`, `unionid`)
VALUES
	('021f837c862e4da9b3e974735f6342d3',NULL,NULL,'changzhenwei',NULL,'http://wx.qlogo.cn/mmopen/vi_32/Q0j4TwGTfTKB7JJYVeibumxSalwOVZQ1jgAqibIyC4rYaKcRWKLBZC4IKmIuqQiaEiauOicgwxIgHjVwM4DaUksVLhg/0','2017-10-11 16:53:05','ogIXX0nGiI_Jv0mS26z8-fxzkrPI',NULL,NULL,NULL,NULL,NULL),
	('07e47d57325d4ec39a19df9963793ef1',NULL,NULL,'Smile~迪豆',NULL,'http://wx.qlogo.cn/mmopen/vi_32/Q0j4TwGTfTLFicpLxq2EgkJZyYwA8j2WFNUnFjW4GXksPZiaBvhvaNkB40ZWbC4Wdo7dm2SAA5s5tiaQf0jGvPVMg/0','2017-10-15 10:45:35','ogIXX0olrF_rPfSO7iApTFTqH5o0',NULL,NULL,NULL,NULL,NULL),
	('08f6e4dd62d843bbaf63eae75903fdc1',NULL,NULL,'朋友',NULL,'http://wx.qlogo.cn/mmopen/PiajxSqBRaEIgSdh6rHlTcmUAfZIpg4zhiaUV6x9sWs1dMb1kZYenQ8f31s0KHgbVexW5D5YyZTIHxjRXat4nblQ/0','2017-06-12 09:57:54','oi4FwvzufXvmKtFIYs1UA4auQGBg',NULL,NULL,NULL,NULL,NULL),
	('0cd3a97bafa74268a7db524656424cd7',NULL,NULL,'吴家笑笑',NULL,'http://wx.qlogo.cn/mmopen/vi_32/PiajxSqBRaEJsAibhKl94xrXY2BBPImiafXtoTGBfC2Fem16XdM9TKdSOcia0hPGBicCQUpicu3YEnB68DBMAHET5Kpg/0','2017-10-18 17:14:47','ogIXX0puj_Zcg4nSIZophs8u9uG4',NULL,NULL,NULL,NULL,NULL),
	('0ce2cf0b3dc9425e983691ab4a5d8ccd',NULL,NULL,'Sugar龚',NULL,'http://wx.qlogo.cn/mmopen/vi_32/Q0j4TwGTfTKoh1goeiaaibfzXv7VHqDmqGFO8g2Z12yaEzFoGISp0anDE4GyymAXoAQ0aE3dpjpibaLTdZcyNeluw/0','2017-10-13 20:47:19','ogIXX0vTn4f5aB1fMEwO5m1CbEa8',NULL,NULL,NULL,NULL,NULL),
	('0d19759dfce64a7b89f781b547327d78',NULL,NULL,'Leonard',NULL,'http://wx.qlogo.cn/mmopen/vi_32/Q0j4TwGTfTKDMuUkLW3BHMz1RaTsW21pWHoULdLcJ59cMHmMerRlZiaECzK6P27uZ86FyxTZUDbTFnYKOBxib4Sw/0','2017-10-14 14:28:21','ogIXX0lf5CIYaRY4qKPk33EtYMDQ',NULL,NULL,NULL,NULL,NULL),
	('1480cd99bdef4d45a04cf13e6115833b',NULL,NULL,'你我贷借款经理刘刚',NULL,'http://wx.qlogo.cn/mmopen/vi_32/XnBiciaDibyRcopN97J6tSEKVo75abs3V0FILv9dvL1jfyULsXQISPO9BgXD0dVmPxadsJ6vwib8MicCLq6TyuEzJZg/0','2017-10-18 17:11:34','ogIXX0hND2c5u9wEnGWcEMitKYNc',NULL,NULL,NULL,NULL,NULL),
	('16','17714344343','e3ceb5881a0a1fdaad01296d7554868d','哈哈',NULL,'/mallupload/1495792436429.png','2017-04-20 16:22:46','','30',NULL,NULL,NULL,'ow_X0wzmrypAeX2Uwi_AqpLo3UHA'),
	('1646282c1e69427faa86ad45fa3f0a2b',NULL,NULL,'多米多',NULL,'http://wx.qlogo.cn/mmopen/7U1jvNOU4e1GYNQyh2ygSOMibLzz1Bk9eicpxeyqTydeAXgkOLj0uR8aw0v2KnqdfLyLxRrvhb0zibx89qyfbrnH6PSLNTrVlVJ/0','2017-05-29 10:23:18','oi4Fwv3TjUMU-HZ_tJEb7nFlj7eM',NULL,NULL,NULL,NULL,NULL),
	('2','13800138000','96e79218965eb72c92a549dd5a330112','千派网络科技',NULL,'/duobao/../shopupload/1490237977021.png',NULL,NULL,'0',NULL,NULL,NULL,NULL),
	('24618ce046b74d58b34d8a3cc594db25',NULL,NULL,'♂ 啊鑫～',NULL,'http://wx.qlogo.cn/mmopen/ajNVdqHZLLAcqb93FheFicB0j0AkUFb9zzeqV8oST9Zypn1KtbibkmbgtEywphLibf1ibxmCx7xXQrF9TORPYVYkYg/0','2017-06-04 14:49:20','oi4FwvxHkzHO1d_QJ6d6lIeNKXKE',NULL,NULL,NULL,NULL,NULL),
	('25bd66f2fe3e4740a5e63201ae6ffd7b',NULL,NULL,'西江月',NULL,'http://wx.qlogo.cn/mmopen/vi_32/6K6WB0ELibOIaGWgHA6yia1tmQTaqgsEMSv4Bwc35yHy8sl1IgAVU0kppq5zkz4a7XHe184yoJUOS3Znb7ebzbBQ/0','2017-10-15 09:26:07','ogIXX0nZFyblV0zo6DaY0zES-4ns',NULL,NULL,NULL,NULL,NULL),
	('288b3af8499e4743b229af58519df2ee','18052404151',NULL,'李奇峰',NULL,'/mallupload/1508318289931.png','2017-10-09 23:22:30','ogIXX0v8wPinP4TFdEiu9KJiz5G4',NULL,NULL,NULL,NULL,NULL),
	('2b20249a570248b7b95bff861297c973',NULL,NULL,'尊宝',NULL,'http://wx.qlogo.cn/mmopen/vi_32/Q0j4TwGTfTIHiaXW3QpITgRS2sAsLcvnpnng6oUh6tPkibZT95cEhyFtLCBP8Oz3kMUDpxVNzwOJSUFjZ1a0TWyA/0','2017-10-14 22:33:52','ogIXX0muwhRdPHXtw0loSJrR9sFk',NULL,NULL,NULL,NULL,NULL),
	('2db337abc1d1424688d9ee96ba13c5e7',NULL,NULL,'秋水伊人',NULL,'http://wx.qlogo.cn/mmopen/vi_32/Q0j4TwGTfTJW6h2ian4sooU3cC8QSCxyq5hAq3fnGMNZrsRnu5mAN1NqOgPnX3VX6PZPhWk9ccGgpVBtibrWHJQA/0','2017-10-14 01:29:52','ogIXX0lXp-EmqAsj3fOHxCzHffgg',NULL,NULL,NULL,NULL,NULL),
	('3133b7b465e74f77b23fcb31cd5878b2',NULL,NULL,'齐天大圣的大圣',NULL,'http://wx.qlogo.cn/mmopen/vi_32/DYAIOgq83epMHIQlxaXWQpXN06je9fblASXnKSjIVptjDLrjYbEJeexTYspCFXzbiaDSWayTa3lVicJyQNwU2S4A/0','2017-10-23 22:30:14','ogIXX0gaPFcBG6ZKysx_AfhvDgkY',NULL,NULL,NULL,NULL,NULL),
	('3262e1e61efe48c6977afab0fe375b1d',NULL,NULL,'查德Chad',NULL,'http://wx.qlogo.cn/mmopen/vi_32/TaCbSfd1aIC5CtTsI340DianQaichia2m4cUfGAf62wzXgSg7icKfTFZOQl9GCHpib7bEIS73XiccViaHS5Veeicd2pZpA/0','2017-10-14 22:32:00','ogIXX0kgTgIgUyuJQRFLTv8IKd4o',NULL,NULL,NULL,NULL,NULL),
	('32e3361294fc4b4089216e6b462c1714',NULL,NULL,'小_筱_晓_雪 ゜',NULL,'http://wx.qlogo.cn/mmopen/vi_32/Iiaml2UbHXGM7JlT7W6rN4OeydUXtqCax67LEzbwTMiadWNSXMeCNaib6wibnNwlm2ZHPaUIziaNib0V9W4XCWX12ib0g/0','2017-10-15 10:41:14','ogIXX0g8I3sBoNNMaWufxbAu7KEc',NULL,NULL,NULL,NULL,NULL),
	('342cfe0f696a443a9a58407247870550',NULL,NULL,'sakuya',NULL,'http://wx.qlogo.cn/mmopen/vi_32/DYAIOgq83epW6fX5kQwfquPoFiczxj4LEFEc51qsmVbbvSCMdGdEPuZNIaxZbbicKfMHsEia1vEpLLBf0K7UzL9UQ/0','2017-10-14 09:34:03','ogIXX0ou08nYmQ4Z9SfYv6zTLFpQ',NULL,NULL,NULL,NULL,NULL),
	('3848165157d147b48af22720c1e76337',NULL,NULL,'Metro',NULL,'http://wx.qlogo.cn/mmopen/wXJ5kSJT6OMYOudnjuoNIta9ku1JNjC0lXGS9aerAt1U6xNFBqVMjeA1KRDTsJyFzmdDpuQ7JkvKJqMt8K8Hjr9KtfcEAY4f/0','2017-06-04 16:33:47','oi4Fwv9CW8rqo_eQ38ohc-4IYPLU',NULL,NULL,NULL,NULL,NULL),
	('38f17ca237ee472aa536482c95a379cc',NULL,NULL,'HuangYi',NULL,'http://wx.qlogo.cn/mmopen/vi_32/DYAIOgq83eqMX4RGzp2ysial6qHY2YcoDlEARkAeIRCS3CEyiaIiaYID4c3RYEnzelF8KSgP597zcTy1h0ttFeH0Q/0','2017-10-14 13:45:13','ogIXX0nJHydF1MXp4HL6ts7RCX04',NULL,NULL,NULL,NULL,NULL),
	('3b8a7d4538404bdab36c44bba2e713ba',NULL,NULL,'张振冬',NULL,'http://wx.qlogo.cn/mmopen/wXJ5kSJT6ONNxuWn3aLXQR8WicCKzJAxvsksAHCOepnf0aXq03PbPNib4IXN57wiaa82yZRqEmR8piaS8icaKlfYWGOGEreCeru3K/0','2017-06-02 20:17:24','oi4Fwv3nMl_Yx0OSz8GGojk33Ugg',NULL,NULL,NULL,NULL,NULL),
	('3d898555b60f4a70b6270f638c25b036',NULL,NULL,'冒个泡',NULL,'http://wx.qlogo.cn/mmopen/dXZZiantSmAAJqrUrSWUCWiaIg2MTYblRdC3amVW0cngsYAhL01PicO3u9pm3NtOkt1Cl5W4ribnsx7D20qpW4lwibIFkYcSwibMj1/0','2017-06-05 10:57:59','oi4Fwv-9vTm_SnjoP5PWEkRtxnYs',NULL,NULL,NULL,NULL,NULL),
	('40766bea90f24bb6a0bf59e28fa5dcb8',NULL,NULL,'wum',NULL,'http://wx.qlogo.cn/mmopen/vi_32/Q0j4TwGTfTKJKypAIyBtic1KzXwHGgad4LCKicibRZ1UgssiafDIDH7hoDoTWNFSjc9hPibibCAASsU2GVwyhY417icog/0','2017-10-09 23:16:13','ogIXX0n2wbVL0DzF4ahuVTnOFGD8',NULL,NULL,NULL,NULL,NULL),
	('418e57fac9dd4df891866dcd38e298f2',NULL,NULL,'殷作伟',NULL,'http://wx.qlogo.cn/mmopen/vi_32/Q0j4TwGTfTKKbnW4CtREqYbsswZaiabicpPR2AcSnFW0R1OBIS15FMiaUmYLT9febXK2gXia60Dvibj9K6gFXnAmVpw/0','2017-10-13 12:43:05','ogIXX0p5oryDIXrRX6opip-_3fSQ',NULL,NULL,NULL,NULL,NULL),
	('4b58c45056a048aa911d1e39c43af444',NULL,NULL,'纯英',NULL,'http://wx.qlogo.cn/mmopen/vi_32/Q0j4TwGTfTLnugG5fX1icKW6d95upflkicaQbFeX30GP62icO7LOUPjZ9LprtickaYddbEpeV73l7b7pm4RI7icAK8A/0','2017-10-18 19:41:26','ogIXX0vF5G24htOf2rCv1x0vHv24',NULL,NULL,NULL,NULL,NULL),
	('4fb61e6b25c443ce9711c7fbcf2c2edc',NULL,NULL,'HC',NULL,'http://wx.qlogo.cn/mmopen/vi_32/Q0j4TwGTfTJibgyfvqz6QGfe7NYMK6vNOhdBXcBqWebI635eCwGn9SYibpwfACibTMfIia7p5msEkAl9GpdrH1boMQ/0','2017-10-10 14:43:14','ogIXX0q6ijhmgSdoEdHFh5LsM8JU',NULL,NULL,NULL,NULL,NULL),
	('5186619610974dfc8d4605bc1990b017',NULL,NULL,'佰迅通网络',NULL,'http://wx.qlogo.cn/mmopen/ajNVdqHZLLBdqjHY4icGqvic8iaoj6Sdg1L79tETxhroMHOPv0hjvrBJiclgTf5MBuO9xyI22LIIHsmibn5LiaMHEt0ia67icuicOPKQUd9jmsWffpSo/0','2017-06-09 12:30:01','oi4Fwv46A4CkmyiVxThQGZ4yzF2s',NULL,NULL,NULL,NULL,NULL),
	('57df9c2f9ee74a558d8b7cabbc4eeb14',NULL,NULL,'安若锦年丶',NULL,'http://wx.qlogo.cn/mmopen/vi_32/Q0j4TwGTfTIM52RGKD4JGgtCGibnibibQWvfxeIvgEiaGcz6L3nybPLymgl3oXHszk5Dwt9LuvUuguHShHe3PicJ09A/0','2017-10-13 15:01:11','ogIXX0jrcp6rIJJMmKD5sl4FT1nY',NULL,NULL,NULL,NULL,NULL),
	('595495f938ec4c05874db406785d5a41',NULL,NULL,'Ada',NULL,'http://wx.qlogo.cn/mmopen/vi_32/R1vmGT7co2L0UQaYa3biaz38Nr4Zt2oSSREo8W3WA5QiaNzcg2iacx6vG7RzwXgUibjaficTu8cYzQF2hN7FtdTIy3Q/0','2017-10-15 09:53:54','ogIXX0uqr3640SNrn1FBG2ZPMb2o',NULL,NULL,NULL,NULL,NULL),
	('5cc797fcc87d4d31a1088ac89e080733',NULL,NULL,'颖',NULL,'http://wx.qlogo.cn/mmhead/ajNVdqHZLLC6NCdffzryYevh1bTcxAHjaNS4b8gVXicvDZwR8NuswOQ/0','2017-07-14 20:22:36','oi4FwvyzW_lkMfgQqApjq7vLHXAA',NULL,NULL,NULL,NULL,NULL),
	('5e2c3aa1d87e4cd399a5315224592430',NULL,NULL,'景',NULL,'http://wx.qlogo.cn/mmopen/PiajxSqBRaEKInHHY8VdvF2H2ibbbC5TREsVRGk4HIG72WSaIIWuXBN6lib4MnVtREAkVKiasKibFibHibNggxibutiaTqw/0','2017-05-27 15:01:04','oi4FwvzPMuTa3sqfE325qfUp1CRg',NULL,NULL,NULL,NULL,NULL),
	('644dcb530a324d36bee54ce2b2373ee1',NULL,NULL,'顾老妹儿',NULL,'http://wx.qlogo.cn/mmopen/vi_32/Q0j4TwGTfTLJmXZRGvV6fYjxNWibw9HWZq82kUHjib3GcUFvztVtQIMefCaqy0R30akJCWkoVAPWISBI92M6Eazw/0','2017-10-15 08:07:47','ogIXX0oB_RvSXiT7E9mfjeKmakUA',NULL,NULL,NULL,NULL,NULL),
	('657eb8252e3c4861a898b757dc7117b5','15191585815','e10adc3949ba59abbe56e057f20f883e','jwei',NULL,'/mallupload/1495869991823.png','2017-05-27 15:25:50',NULL,NULL,NULL,NULL,NULL,NULL),
	('6cb711714dfb4ce39447ae470dbbf68d',NULL,NULL,'想做一只幺蛾子',NULL,'http://wx.qlogo.cn/mmopen/vi_32/DYAIOgq83eqzbGoFK9a4hTiaLY69tNrvYhVicSfu1QtP0e1Nw8D4MBGgj3Ivic9iccETWDjNf5yGylTWM5H5ictJG8A/0','2017-10-18 16:55:29','ogIXX0hlv9wIloADVw-6Gp3LlthA',NULL,NULL,NULL,NULL,NULL),
	('6da24b705efa4ee299418b7b412ccb6d',NULL,NULL,'佳佳',NULL,'http://wx.qlogo.cn/mmopen/vi_32/Q0j4TwGTfTJnXcW6IEswSSTLGRz9Z6b9p0UK8S9yGBicd8KEf0PGqHFnyvUTazmiazfdX2PL4w6Gp2aubNBUZ5bQ/0','2017-10-14 06:22:17','ogIXX0hEPiRg5NCnkuBRkyR9liBk',NULL,NULL,NULL,NULL,NULL),
	('6db4c0f9a7ae4231b6e6d18b99fbe56c',NULL,NULL,'uranusvr2017',NULL,'http://wx.qlogo.cn/mmopen/vi_32/mf7JYGw20BKiaaeylCsgd20efPTvAxicyEseW1nTd81icia0AQeA7wrVAA2MnnCcDJK4zEMRLUxvicgZYkbros2HhlQ/0','2017-10-18 15:25:34','ogIXX0hd_-2oZq04AitbFCRPm-xE',NULL,NULL,NULL,NULL,NULL),
	('6f95b58920dc4aaaa3dae3cf733b08e9',NULL,NULL,'老夫聊发少年狂',NULL,'http://wx.qlogo.cn/mmopen/vi_32/DYAIOgq83eoicVllXDRTj0SQjp8ibKD3elR41eoPRiaaOv1YLKmnkSibFKEFFqGT9DLw9bucTwKaubqScJFHdoibz1g/0','2017-10-15 01:57:08','ogIXX0jzuj4HoQTJiWpVG_q1nqt0',NULL,NULL,NULL,NULL,NULL),
	('70e0ab2d4e0f4805a77bd2fb959c3049',NULL,NULL,'Since-A(苏州非常青网络科技)',NULL,'http://wx.qlogo.cn/mmopen/7U1jvNOU4e2pe3Iy39WsCrmLar8u0FZY2vjspR7rI8mOhOSYqCcIDJnN1vpIvtuqCKbpN8tpph8ehKFibVXkpOP13E4FSNvm1/0','2017-06-04 14:48:33','oi4Fwv96W9lUybUIT3EW1PxRY-Zs',NULL,NULL,NULL,NULL,NULL),
	('72078b17d1fa421a81eea72364cb2109',NULL,NULL,'叮叮叮叮叮当',NULL,'http://wx.qlogo.cn/mmopen/vi_32/Q0j4TwGTfTLNh5mKXgccR7HjtOR4Wzp0ddYXWiamLwoeGSlKGW6uWUSWEEibErTHvwTAArZR89vcbK6F73aDGslg/0','2017-10-10 14:24:33','ogIXX0h9u8udXZ6EdEcWqh8vmahE',NULL,NULL,NULL,NULL,NULL),
	('74c5487864094cab9a2f418d1ca7a9d4',NULL,NULL,'宋伟明',NULL,'http://wx.qlogo.cn/mmopen/vi_32/ZXLibyRlJXxGibYVh6Ten3ABCZdXNAUCFoyibkXDOms1VIg5qqO99udHl4iczntsI92to0eEtLxuVcr9jKvGZMWAIw/0','2017-10-15 11:34:08','ogIXX0lk1eTi-bbtbZAcBMwZfVwk',NULL,NULL,NULL,NULL,NULL),
	('7512d01779074c9589a1c1bb91814b03',NULL,NULL,'夜枫丶Night',NULL,'http://wx.qlogo.cn/mmopen/vi_32/Q0j4TwGTfTKD5aBaq9MCpT1LqAiaK7uGvFrwSicsRWacKAwU6uqksiawePzneQclHg4ejDRM2JV8KlPEaLpLibTDEA/0','2017-10-14 14:27:07','ogIXX0pattT9MBrBhTc9biaMGsKM',NULL,NULL,NULL,NULL,NULL),
	('7b8f008e9f62430e9a733dcdb2898811',NULL,NULL,'陈立新',NULL,'http://wx.qlogo.cn/mmopen/vi_32/Q0j4TwGTfTI2o2q22rWZ7FRFltic2XFjzpibsQ6OQAUBlNOiazEoDMibG5dMHMhibC5ZW1R2hEZJ2sFB4phkqtaB8iaA/0','2017-10-14 22:35:41','ogIXX0rinoOHHZtKAOm4b2gBEHtI',NULL,NULL,NULL,NULL,NULL),
	('804e416332d5406ca53ab9b3c68017d5',NULL,NULL,'David Long',NULL,'http://wx.qlogo.cn/mmopen/vi_32/Q0j4TwGTfTLQ4SibSsQ8raq4aTlTmnvQfMKCoXkuwA2ibZEyq7LBVob80yicaHmMnJfXUhzUM3FB07G2XYujCJgTw/0','2017-10-14 22:43:47','ogIXX0qW3Bi6LZa1BfLK2-Nl_Adw',NULL,NULL,NULL,NULL,NULL),
	('8088dce29de246809671d7236399fbb6',NULL,NULL,'刘振',NULL,'http://wx.qlogo.cn/mmopen/vi_32/DYAIOgq83eqBVgUfFjHjRRzuf0SDNx3dNNciauPZ7J0YJB3BiaEB8e07FLUZmNCNyApD9GLWXAPhxVRW4ShZJuQg/0','2017-10-14 23:03:23','ogIXX0s_3C-EajI-msKmF_iYXwV4',NULL,NULL,NULL,NULL,NULL),
	('8ea408246289452cb52b1dc972ceffc0',NULL,NULL,'汪世新',NULL,'http://wx.qlogo.cn/mmopen/vi_32/Q0j4TwGTfTLrIkf0A9a1VOibZibJOfibVPPckt4eAz9BckjWPyho0aordHIcY4wtbSzfLIRTkVECc3b1ylJqS8yXA/0','2017-10-14 07:07:47','ogIXX0grVAUftJSBwdPlSEIuH9Zk',NULL,NULL,NULL,NULL,NULL),
	('91944a5bfdca42909f008ba2646e9bdd',NULL,NULL,'小傑',NULL,'http://wx.qlogo.cn/mmopen/H2EOvRxc9g1UaDT9FTajN6sN9JrI5el3zWJW737AOKrgezichBydE3atEPd77UlEPE4FPjqMwpPRbrq8zsubhqJHTe1D61chW/0','2017-06-10 16:46:56','oi4FwvwiGwHNMSgvUCdWImR2dI1w',NULL,NULL,NULL,NULL,NULL),
	('929c741b86bc473ba0e6e2f8c2d4f1fd','13184235048','96e79218965eb72c92a549dd5a330112','商城用户',NULL,'static/upload/headimg.jpg','2017-05-26 14:22:31',NULL,NULL,NULL,NULL,NULL,NULL),
	('94daa7b30b5e4d0a8bbc7e492afb01f1',NULL,NULL,'林正波',NULL,'http://wx.qlogo.cn/mmopen/vi_32/Q0j4TwGTfTK5texDS7iasvcKdNFiaA2yZBCHqw7tYZdTKKwatEDyBsGyR7JlXfzmWrpzJCPicJAdUOB5yg61psXug/0','2017-10-10 14:12:04','ogIXX0p3poWl7I6eAnC7Kb0JOVKY',NULL,NULL,NULL,NULL,NULL),
	('98345f0f4d484dce95fae8a9f552610c',NULL,NULL,'REGGAE~尤',NULL,'http://wx.qlogo.cn/mmopen/vi_32/DYAIOgq83eoGrj8QquDlwJCkc7PIMmSZgjCDI7cECKAA57DrSiaJUJmZzcibnX0FAuv2kM4z0nvibUicsPZtMnZF3g/0','2017-10-13 23:34:46','ogIXX0rEao4BkWLpxYxVFzos4soY',NULL,NULL,NULL,NULL,NULL),
	('98cd8f36a6cd4135b03ee01e1304e4db',NULL,NULL,'梦里明明有大千，觉后醒来无乐趣。',NULL,'http://wx.qlogo.cn/mmopen/vi_32/Q0j4TwGTfTKoxRkcfMaexYV4FLSf1qR7uPOQYZomhG5Cjibymhqx93vXHA3VDuJ2zAia01OwS60EvZfa5ThxxeMw/0','2017-10-21 19:15:07','ogIXX0jPn7TdaDdPrM87Nqo7gddw',NULL,NULL,NULL,NULL,NULL),
	('9b2b6c0f6ba1403688a312de0b9194eb',NULL,NULL,'hjr',NULL,'http://wx.qlogo.cn/mmopen/7U1jvNOU4e2pe3Iy39WsCiaBtLX5NNxTXuEhqMWj2Wib1pvuN4FCRbyBHJic3Hs1gojduf8ZLg63m3RgWt24hFYDQPyxcHFz9au/0','2017-06-09 22:06:34','oi4Fwv3rFyaC2ocZWTrSI87noYDk',NULL,NULL,NULL,NULL,NULL),
	('9c75ffe7067e4f9cb308bd8a42c68147',NULL,NULL,'苏',NULL,'http://wx.qlogo.cn/mmopen/vi_32/DYAIOgq83eqEfdT11cVUxR2EC0ed2wyyszrdjU11Id0lZvMMqdbIFTy0uDEUMU4FWzbeO1a3tbINeXxlrdFLOQ/0','2017-10-14 22:50:18','ogIXX0m4B_Fcv-PLV8_jMvP9VXbs',NULL,NULL,NULL,NULL,NULL),
	('a60d1e8b9a004a6ca71b2f833d902ed8',NULL,NULL,'曹静',NULL,'http://wx.qlogo.cn/mmopen/vi_32/DYAIOgq83eopjgkx9uYZmpWGibxyKA6z9b7XZmKU1B91VPto0s5Q3nHZpicMZQWJdzRAD2IZo3N13bvcw5daicGTQ/0','2017-10-20 17:32:50','ogIXX0iQIliu3U-5LYNqoMezRXdM',NULL,NULL,NULL,NULL,NULL),
	('a85b6ac09fb0467283821849fb319b7d',NULL,NULL,'云询科技｜易叫货',NULL,'http://wx.qlogo.cn/mmopen/vi_32/Q0j4TwGTfTKbPy04717qM9KRiaial8uF4LH34R5D89tIc2Azm30Ruh9vzzI5O8a0xrt8KsQtWNcegu1kJPhRaCkg/0','2017-10-23 19:29:37','ogIXX0pdRd8CqYMBh60tuP1Bo0FI',NULL,NULL,NULL,NULL,NULL),
	('a8e60d10243b4d2e94051c5fe7aa18f1',NULL,NULL,'关耳郑',NULL,'http://wx.qlogo.cn/mmopen/vi_32/Q0j4TwGTfTLRAdzJbEzpQbV0Q5Qd55l6XlZTL9ZNBwlTQaQbCEekOOF3zibJiboFQqkpbYZKY2I3yyl3MorJfwXQ/0','2017-10-14 22:30:14','ogIXX0pmwnM84wNJdfu-RpkV19Co',NULL,NULL,NULL,NULL,NULL),
	('b467b8981b9b44a79d57634b8c082857',NULL,NULL,'呼噜猫',NULL,'http://wx.qlogo.cn/mmopen/H2EOvRxc9g1gAEOev3YEiaevC3JarVeibnbickdjgEpEulh8r2CWbEclFTKk7aOicvy7N621c87E7qHibD0o8NI2icog/0','2017-06-04 16:36:16','oi4FwvwUsQtWonbdRbt_9XZ-It_s',NULL,NULL,NULL,NULL,NULL),
	('b6ed9ed2b7894a958c3f210e08587108',NULL,NULL,'李大勇',NULL,'http://wx.qlogo.cn/mmopen/7U1jvNOU4e2pe3Iy39WsCqAhYlWKibjJV5oVnscWgKibxrDKxkN0Ia0otvgvOLy8sYYlpdWyvNCB8a3qibK711HzJK8TpS4AlWA/0','2017-06-02 19:47:12','oi4Fwv0LlAw9s-a3__-6LV2pfE7U',NULL,NULL,NULL,NULL,NULL),
	('b7f5360ac4664bd1abb608945386f468',NULL,NULL,'秋木',NULL,'http://wx.qlogo.cn/mmopen/vi_32/DYAIOgq83ep52NoicH1Y8nfeU5ico9Gwq6KZxwibVK95z0NTAwx87OAo6rgpicR7UxJ4r3Uyl3Wx8BMI2GwKkb41ww/0','2017-10-15 11:18:29','ogIXX0oNHn3UXXQ4_oW3xmmxYclE',NULL,NULL,NULL,NULL,NULL),
	('b83f856485c14f7dae75fa47c9756574',NULL,NULL,'纪广宇',NULL,'http://wx.qlogo.cn/mmopen/vi_32/Q0j4TwGTfTJe602QgRhZOppPib3VOw6876LibWUA9HoMLNY8cOmFh9NyYOj2jaSHZtCRWAgBSn2NHjPW1p6FoFeQ/0','2017-10-14 22:53:02','ogIXX0jZHz0XYPJwB3ylJeTgD_lE',NULL,NULL,NULL,NULL,NULL),
	('baf7dcd3cde044e7b48f4aa153a229c6',NULL,NULL,'熊猫潘德',NULL,'http://wx.qlogo.cn/mmopen/wXJ5kSJT6OMAydhdvnqZ3RHFHrHJFbKDeQsvLerZ1TcyxGfXR1tygI3VT8wrZ905xurryOlRvbJ6EVo4G7IB4A/0','2017-05-27 14:14:37','oi4Fwvx0xtREL2A34IhUAXl2a0mE',NULL,NULL,NULL,NULL,NULL),
	('bcffb188c37d43f3a220e9983ae52a9e',NULL,NULL,'千派',NULL,'http://wx.qlogo.cn/mmopen/dXZZiantSmABPYYbYouRwSlkqmqZ8p24V7byptghBRCw51QLtzS8iaB5PcuxHTH5cmbC9xYiaL5MpicS5e6mS0w1MOSlIb1GeOHh/0','2017-05-26 16:58:35','oi4Fwv7z_wDeOJyhhKxJM1IMT0C4',NULL,NULL,NULL,NULL,NULL),
	('c429cc51912d411cbb1cf81cc407ea2f',NULL,NULL,'Yap.Binly | 瑞银国际 URANUS',NULL,'http://wx.qlogo.cn/mmopen/vi_32/Q0j4TwGTfTLX6Vj4aXAbH2W9zYmzzRorvAVgtrV8ZLS5aib5OByOkXMbicuq3R4BJOnQyo17ZqUcbFjc9VYCYicdw/0','2017-10-10 11:52:39','ogIXX0hbX7Dk22n-bfiHroJAhQ8A',NULL,NULL,NULL,NULL,NULL),
	('c861323778fc4e0fa5797a0299148e02',NULL,NULL,'叶云龙',NULL,'http://wx.qlogo.cn/mmopen/vi_32/gADIIoI3oMvSUdt20pfwFDATnOf1AOSpVIicR9aWEkCqXibH7rIUbFCsrVcI1T7YGCCoce0rtPq9dAmet9CGv45Q/0','2017-10-14 10:15:07','ogIXX0pVEnLjnqa2SKR9CxDDtBiU',NULL,NULL,NULL,NULL,NULL),
	('cdf314b62bf94504bb4d224af3eb6659',NULL,NULL,'何声秋',NULL,'http://wx.qlogo.cn/mmopen/vi_32/K06DNSFwXwfnpKNVI9hQ8rQqsuqoWqOOlsNcTia3Wia1lTdiaWibDxWHJmFBvibsia6BM1ZhgtmbLxw3u1fr7qoOpyRg/0','2017-10-18 17:25:43','ogIXX0mFnAEpBxHZNCciEhrIbnCM',NULL,NULL,NULL,NULL,NULL),
	('d78660b6be914b3ca6b78d7ae8b21aa8',NULL,NULL,'白夜橘',NULL,'http://wx.qlogo.cn/mmopen/vi_32/DYAIOgq83eoiaBbXQylCvnBWcO1fu0My3moFxDtNWJRBGIAWNh58I4BUQa23TRmfPPeAzIa9OibK4F49flibpgGiaQ/0','2017-10-18 17:21:42','ogIXX0rAa4ilr-_HQpq55kDUpim0',NULL,NULL,NULL,NULL,NULL),
	('d8b8c0ffcebc4fb4bfad41413afcf6d3','15722448773',NULL,'小陆子',NULL,'http://wx.qlogo.cn/mmopen/vi_32/shickfm74GNr5nVs6o6UWn0QfNJOX2zCzIxN0U9HgPaib03tI2jiaYIshz12Et0Al3x7lntM13fuia4Iv02vX5LQEg/0','2017-10-14 22:37:57','ogIXX0vdXQUoNLP30uhGGqSuCVY8',NULL,NULL,NULL,NULL,NULL),
	('dc4c0243eb694bbf9ece88b715460998',NULL,NULL,'wum',NULL,'https://wx.qlogo.cn/mmopen/vi_32/Q0j4TwGTfTIcHOOqDpy7gkkicibvia1qXMmlDa9cfjUzYyQ42JTk0qu7my8eiajNrQGaribUcfoQE8kGxpwXqBUomKQ/0','2017-08-05 21:38:29','oa-8a0cdWhvD_SFJLp16EM75hzHs',NULL,NULL,NULL,NULL,NULL),
	('e1554c56974c44cea1fbe8856c731dbc',NULL,NULL,'随遇而安',NULL,'http://wx.qlogo.cn/mmopen/vi_32/DYAIOgq83epdEuKYm4w3JSzACBicUTW48a23zRtWoJ9A0tVYTZfUibcUibhiaWTia21gf2ZrqibCvRJMoPRM7JliaR55Q/0','2017-10-23 12:22:24','ogIXX0oQiR8AoVlvYYGb8LP3cgWc',NULL,NULL,NULL,NULL,NULL),
	('e1886bc12c81442faa23fe9a5dfd09e8',NULL,NULL,'sokar',NULL,'http://wx.qlogo.cn/mmopen/vi_32/Q0j4TwGTfTJH3dribPS9AibjqzQR0a8g6gcmGECZzegCJ6iaV5N0U5icIiaZluLy9K3kjOcXTD0OMbxrfazIFQeGRUg/0','2017-10-15 07:48:13','ogIXX0gWS4LvZEAWWtpwnv93qJDY',NULL,NULL,NULL,NULL,NULL),
	('e60c3b041ecf43a691fc7639f9817898',NULL,NULL,'wum',NULL,'http://wx.qlogo.cn/mmopen/H2EOvRxc9g1UaDT9FTajN4HS7c6ueZ0ZzUl3uzzQ9HAeibxmKSTiczKreh5SNPjpEMfMOSVbeXm61V0LzTf9SudnDI2pyGuMNd/0','2017-05-26 14:40:53','oi4Fwv37Gq9ExoryAfguJptKoqOI',NULL,NULL,NULL,NULL,NULL),
	('eddae7c64b314f49acae7abce50e20aa','13613861631',NULL,'@.黎明的一缕.阳光',NULL,'http://wx.qlogo.cn/mmopen/vi_32/DYAIOgq83eqlQyvUed7t0roFvJYyAuYjaDtCbTQCOt2oz9l6eGcEt3hpaCFsfNUMh2vsniabslTbGw0Kic1pFc6g/0','2017-10-18 15:52:48','ogIXX0oqkrj5d4K3P320tz2MqLvQ',NULL,NULL,NULL,NULL,NULL),
	('edfebe7bceb041e38cb68ce2c6c4a5c6',NULL,NULL,'　　　　　　　　　',NULL,'http://wx.qlogo.cn/mmopen/vi_32/DYAIOgq83eoxibkg2ibc54pMwktkIWZh8bQjhHPg4AnpeAnO19gSq9rHJDckxsoB7DGa1COln4pHeP2kCJcEaUSw/0','2017-10-14 08:58:56','ogIXX0twEsaGlSD2EVrni0igebx8',NULL,NULL,NULL,NULL,NULL),
	('f434ed76968745e8872a009eb95bf7b7',NULL,NULL,'忆呃呃呃',NULL,'http://wx.qlogo.cn/mmopen/7U1jvNOU4e2ciaq8nJILTSibo3SULXRygXaCKewXphiaI3RianRUx3a4pW337U1sLWsRNdOicn2sUHQeu8bLoZcuMjCRoTP992rEW/0','2017-06-07 15:57:07','oi4Fwv_4OAgEM9Hr0yHuu6oxoAPM',NULL,NULL,NULL,NULL,NULL),
	('f879cdc1594a45e584e917a15b593aeb',NULL,NULL,'Lily Jiang',NULL,'http://wx.qlogo.cn/mmopen/vi_32/EUmgEc1ib2LS1xJoTDpOatg6rZPoiaAibB6DQUwtq9HEwDicn2kMAib3JWCAIee49a7Mo0IY8DZ4GXyEiaIakkibE2lOg/0','2017-10-14 22:39:01','ogIXX0pqdXEGQaW_L3FI-uPjoh6o',NULL,NULL,NULL,NULL,NULL),
	('fbaa85dc60774de58657044ebb76f2ac',NULL,NULL,'黑马',NULL,'http://wx.qlogo.cn/mmopen/vi_32/Q0j4TwGTfTL2xbyC2dJQICI5JQTS30vdIK8SIAiaMnugbbnFDCiaT0zL9A2Gib4ReoPIjQ9E4LJXHyaSAqWSic1Gfw/0','2017-10-14 17:51:56','ogIXX0jsCA8rpxmSKtrI2Zi_z7ko',NULL,NULL,NULL,NULL,NULL),
	('fe5a50cd75dc4340a0837f1b6b88a073',NULL,NULL,'阿德',NULL,'http://wx.qlogo.cn/mmopen/wXJ5kSJT6ON8icibDCk7Y1Z0KtD9Cl2zYmZ7aWBhsHn0RfNMynmVeaFAADt3yEa7iaqUoicqqYFf8rg2UsFeEobqlMUVTpo2Kjqn/0','2017-06-04 15:19:28','oi4Fwv8fJX79eTKInQviBZH4k5SY',NULL,NULL,NULL,NULL,NULL);

/*!40000 ALTER TABLE `shop_user` ENABLE KEYS */;
UNLOCK TABLES;


# Dump of table shop_usercoupon
# ------------------------------------------------------------

DROP TABLE IF EXISTS `shop_usercoupon`;

CREATE TABLE `shop_usercoupon` (
  `usercoupon_id` varchar(100) NOT NULL,
  `coupon_id` varchar(255) DEFAULT NULL COMMENT '优惠券id',
  `status` int(11) NOT NULL COMMENT '状态',
  `addtime` varchar(255) DEFAULT NULL,
  `user_id` varchar(255) DEFAULT NULL,
  PRIMARY KEY (`usercoupon_id`)
) ENGINE=InnoDB DEFAULT CHARSET=utf8;

LOCK TABLES `shop_usercoupon` WRITE;
/*!40000 ALTER TABLE `shop_usercoupon` DISABLE KEYS */;

INSERT INTO `shop_usercoupon` (`usercoupon_id`, `coupon_id`, `status`, `addtime`, `user_id`)
VALUES
	('06b88c37213940eabe868d90eb1d7542','66076ef2f7f749b8bb12d9b555eafe91',1,'2017-05-13','16'),
	('11fe76ad319749108486d2f55e8b235f','06ba076a46df402fa39d3d2b789bc5e3',1,'2017-06-10','91944a5bfdca42909f008ba2646e9bdd'),
	('140df8534827458f8b61f47be20fa601','73e76c5240ab4cffaf55494105a66f0e',1,'2017-05-13','16'),
	('142b5b944d2c469190ebbc680e93fc33','1cceab0dfe07462188463f96c60ae6eb',1,'2017-05-13','16'),
	('1ce716f9f2694c50bd78bc60ce226804','67c5b24cded44c9196301b4fa8db9689',1,'2017-05-13','16'),
	('2123603596c2498294903cf11ff8e93a','06ba076a46df402fa39d3d2b789bc5e3',1,'2017-06-04','24618ce046b74d58b34d8a3cc594db25'),
	('2226b4937ceb4d5d966049427e15c345','2ba34a5c64134cebb775ac15861d57c1',1,'2017-05-27','dc4c0243eb694bbf9ece88b715460998'),
	('3411fe3ab17349599a6f21c8b9666c3d','73e76c5240ab4cffaf55494105a66f0e',1,'2017-06-07','f434ed76968745e8872a009eb95bf7b7'),
	('378043c134a445af80ca387e4a99b701','06ba076a46df402fa39d3d2b789bc5e3',1,'2017-05-31','5e2c3aa1d87e4cd399a5315224592430'),
	('4148a3448ed04cbd8768e117040d8047','06ba076a46df402fa39d3d2b789bc5e3',1,'2017-06-07','f434ed76968745e8872a009eb95bf7b7'),
	('44e72b5540a6418cbf63d82cf37e3a7a','2e50346804814efeb784d7d3db4f63bd',0,'2017-10-09','288b3af8499e4743b229af58519df2ee'),
	('4ca62ba89d6e4f26970adc0a893a1524','bbe753789d7748d8beaa0eadbfadecba',1,'2017-05-13','16'),
	('5c589515d2014c6393aeef5a670fd41a','73e76c5240ab4cffaf55494105a66f0e',1,'2017-06-07','24618ce046b74d58b34d8a3cc594db25'),
	('61ac80e5590b4af4b2e1dd49d8f95300','06ba076a46df402fa39d3d2b789bc5e3',1,'2017-05-13','16'),
	('694a8bb5dc5b4531bbb4b124afb0deaa','2ba34a5c64134cebb775ac15861d57c1',0,'2017-05-13','16'),
	('6ad1f521ebb847b897ab1d5992f9f67b','06ba076a46df402fa39d3d2b789bc5e3',1,'2017-06-07','e60c3b041ecf43a691fc7639f9817898'),
	('97b763190a084f5595bbccfd8fd2432a','06ba076a46df402fa39d3d2b789bc5e3',1,'2017-10-10','c429cc51912d411cbb1cf81cc407ea2f'),
	('a5c74dd935284b0688ab48611f9a013c','1cceab0dfe07462188463f96c60ae6eb',1,'2017-05-27','dc4c0243eb694bbf9ece88b715460998'),
	('ad6fed2075d0449cb76795764f3c1f67','06ba076a46df402fa39d3d2b789bc5e3',0,'2017-05-27','657eb8252e3c4861a898b757dc7117b5'),
	('b28b2fbf22574168b2b936dddc9f9914','1cceab0dfe07462188463f96c60ae6eb',1,'2017-06-01','657eb8252e3c4861a898b757dc7117b5'),
	('bb5fe5ddabbb4ddfa30cc26f983107c8','66076ef2f7f749b8bb12d9b555eafe91',0,'2017-05-31','5e2c3aa1d87e4cd399a5315224592430'),
	('bc2e575ebeee4ec2bd12aa22d6fa1148','06ba076a46df402fa39d3d2b789bc5e3',0,'2017-10-09','288b3af8499e4743b229af58519df2ee'),
	('c5323c05abbb4b3db7b4f498c8278e53','73e76c5240ab4cffaf55494105a66f0e',1,'2017-06-10','9b2b6c0f6ba1403688a312de0b9194eb'),
	('c5b57782ec604d9f926200db788a4fcf','4c04b69e5c5345ab8e56e9dba820798d',1,'2017-05-13','16'),
	('cf6603ef29d04f4abc0896be952be48c','a1eaa2b41db9435ead78850422baf0ae',1,'2017-05-13','16'),
	('ed113d7535444ec0a0f07291fbe4f168','f0e196303f12472fa74e2e7d77ac9d30',0,'2017-05-13','16'),
	('f3b47e463b4f453f839cd09ae2c25811','2e50346804814efeb784d7d3db4f63bd',0,'2017-05-13','16');

/*!40000 ALTER TABLE `shop_usercoupon` ENABLE KEYS */;
UNLOCK TABLES;


# Dump of table sys_app_user
# ------------------------------------------------------------

DROP TABLE IF EXISTS `sys_app_user`;

CREATE TABLE `sys_app_user` (
  `USER_ID` varchar(100) NOT NULL,
  `USERNAME` varchar(255) DEFAULT NULL,
  `PASSWORD` varchar(255) DEFAULT NULL,
  `NAME` varchar(255) DEFAULT NULL,
  `RIGHTS` varchar(255) DEFAULT NULL,
  `ROLE_ID` varchar(100) DEFAULT NULL,
  `LAST_LOGIN` varchar(255) DEFAULT NULL,
  `IP` varchar(100) DEFAULT NULL,
  `STATUS` varchar(32) DEFAULT NULL,
  `BZ` varchar(255) DEFAULT NULL,
  `PHONE` varchar(100) DEFAULT NULL,
  `SFID` varchar(100) DEFAULT NULL,
  `START_TIME` varchar(100) DEFAULT NULL,
  `END_TIME` varchar(100) DEFAULT NULL,
  `YEARS` int(10) DEFAULT NULL,
  `NUMBER` varchar(100) DEFAULT NULL,
  `EMAIL` varchar(32) DEFAULT NULL,
  PRIMARY KEY (`USER_ID`)
) ENGINE=InnoDB DEFAULT CHARSET=utf8;

LOCK TABLES `sys_app_user` WRITE;
/*!40000 ALTER TABLE `sys_app_user` DISABLE KEYS */;

INSERT INTO `sys_app_user` (`USER_ID`, `USERNAME`, `PASSWORD`, `NAME`, `RIGHTS`, `ROLE_ID`, `LAST_LOGIN`, `IP`, `STATUS`, `BZ`, `PHONE`, `SFID`, `START_TIME`, `END_TIME`, `YEARS`, `NUMBER`, `EMAIL`)
VALUES
	('1e89e6504be349a68c025976b3ecc1d1','a1','698d51a19d8a121ce581499d7b701668','会员甲','','115b386ff04f4352b060dffcd2b5d1da','','','1','121','1212','1212','2015-12-02','2015-12-25',2,'111','313596790@qq.com'),
	('ead1f56708e4409c8d071e0a699e5633','a2','bcbe3365e6ac95ea2c0343a2395834dd','会员乙','','1b67fc82ce89457a8347ae53e43a347e','','','0','','','','2015-12-01','2015-12-24',1,'121','978336446@qq.com');

/*!40000 ALTER TABLE `sys_app_user` ENABLE KEYS */;
UNLOCK TABLES;


# Dump of table sys_dictionaries
# ------------------------------------------------------------

DROP TABLE IF EXISTS `sys_dictionaries`;

CREATE TABLE `sys_dictionaries` (
  `DICTIONARIES_ID` varchar(100) NOT NULL,
  `NAME` varchar(30) DEFAULT NULL COMMENT '名称',
  `NAME_EN` varchar(50) DEFAULT NULL COMMENT '英文',
  `BIANMA` varchar(50) DEFAULT NULL COMMENT '编码',
  `ORDER_BY` int(11) NOT NULL COMMENT '排序',
  `PARENT_ID` varchar(100) DEFAULT NULL COMMENT '上级ID',
  `BZ` varchar(255) DEFAULT NULL COMMENT '备注',
  `TBSNAME` varchar(100) DEFAULT NULL COMMENT '排查表',
  PRIMARY KEY (`DICTIONARIES_ID`)
) ENGINE=InnoDB DEFAULT CHARSET=utf8;

LOCK TABLES `sys_dictionaries` WRITE;
/*!40000 ALTER TABLE `sys_dictionaries` DISABLE KEYS */;

INSERT INTO `sys_dictionaries` (`DICTIONARIES_ID`, `NAME`, `NAME_EN`, `BIANMA`, `ORDER_BY`, `PARENT_ID`, `BZ`, `TBSNAME`)
VALUES
	('096e4ec8986149d994b09e604504e38d','黄浦区','huangpu','0030201',1,'f1ea30ddef1340609c35c88fb2919bee','黄埔',''),
	('12a62a3e5bed44bba0412b7e6b733c93','北京','beijing','00301',1,'be4a8c5182c744d28282a5345783a77f','北京',''),
	('507fa87a49104c7c8cdb52fdb297da12','宣武区','xuanwuqu','0030101',1,'12a62a3e5bed44bba0412b7e6b733c93','宣武区',''),
	('8994f5995f474e2dba6cfbcdfe5ea07a','语文','yuwen','00201',1,'fce20eb06d7b4b4d8f200eda623f725c','语文',''),
	('8ea7c44af25f48b993a14f791c8d689f','分类','fenlei','001',1,'0','分类',''),
	('be4a8c5182c744d28282a5345783a77f','地区','diqu','003',3,'0','地区',''),
	('d428594b0494476aa7338d9061e23ae3','红色','red','00101',1,'8ea7c44af25f48b993a14f791c8d689f','红色',''),
	('de9afadfbed0428fa343704d6acce2c4','绿色','green','00102',2,'8ea7c44af25f48b993a14f791c8d689f','绿色',''),
	('f1ea30ddef1340609c35c88fb2919bee','上海','shanghai','00302',2,'be4a8c5182c744d28282a5345783a77f','上海',''),
	('fce20eb06d7b4b4d8f200eda623f725c','课程','kecheng','002',2,'0','课程','');

/*!40000 ALTER TABLE `sys_dictionaries` ENABLE KEYS */;
UNLOCK TABLES;


# Dump of table sys_fhbutton
# ------------------------------------------------------------

DROP TABLE IF EXISTS `sys_fhbutton`;

CREATE TABLE `sys_fhbutton` (
  `FHBUTTON_ID` varchar(100) NOT NULL,
  `NAME` varchar(30) DEFAULT NULL COMMENT '名称',
  `QX_NAME` varchar(50) DEFAULT NULL COMMENT '权限标识',
  `BZ` varchar(255) DEFAULT NULL COMMENT '备注',
  PRIMARY KEY (`FHBUTTON_ID`)
) ENGINE=InnoDB DEFAULT CHARSET=utf8;

LOCK TABLES `sys_fhbutton` WRITE;
/*!40000 ALTER TABLE `sys_fhbutton` DISABLE KEYS */;

INSERT INTO `sys_fhbutton` (`FHBUTTON_ID`, `NAME`, `QX_NAME`, `BZ`)
VALUES
	('3542adfbda73410c976e185ffe50ad06','导出EXCEL','toExcel','导出EXCEL'),
	('4efa162fce8340f0bd2dcd3b11d327ec','导入EXCEL','FromExcel','导入EXCEL到系统用户');

/*!40000 ALTER TABLE `sys_fhbutton` ENABLE KEYS */;
UNLOCK TABLES;


# Dump of table sys_fhsms
# ------------------------------------------------------------

DROP TABLE IF EXISTS `sys_fhsms`;

CREATE TABLE `sys_fhsms` (
  `FHSMS_ID` varchar(100) NOT NULL,
  `CONTENT` varchar(1000) DEFAULT NULL COMMENT '内容',
  `TYPE` varchar(5) DEFAULT NULL COMMENT '类型',
  `TO_USERNAME` varchar(255) DEFAULT NULL COMMENT '收信人',
  `FROM_USERNAME` varchar(255) DEFAULT NULL COMMENT '发信人',
  `SEND_TIME` varchar(100) DEFAULT NULL COMMENT '发信时间',
  `STATUS` varchar(5) DEFAULT NULL COMMENT '状态',
  `SANME_ID` varchar(100) DEFAULT NULL,
  PRIMARY KEY (`FHSMS_ID`)
) ENGINE=InnoDB DEFAULT CHARSET=utf8;

LOCK TABLES `sys_fhsms` WRITE;
/*!40000 ALTER TABLE `sys_fhsms` DISABLE KEYS */;

INSERT INTO `sys_fhsms` (`FHSMS_ID`, `CONTENT`, `TYPE`, `TO_USERNAME`, `FROM_USERNAME`, `SEND_TIME`, `STATUS`, `SANME_ID`)
VALUES
	('05879f5868824f35932ee9f2062adc03','你好','2','admin','san','2016-01-25 14:05:31','1','b311e893228f42d5a05dbe16917fd16f'),
	('2635dd035c6f4bb5a091abdd784bd899','你好','2','san','admin','2016-01-25 14:05:02','2','1b7637306683460f89174c2b025862b5'),
	('52378ccd4e2d4fe08994d1652af87c68','你好','1','admin','san','2016-01-25 16:26:44','1','920b20dafdfb4c09b560884eb277c51d'),
	('77ed13f9c49a4c4bb460c41b8580dd36','gggg','2','admin','san','2016-01-24 21:22:43','2','dd9ee339576e48c5b046b94fa1901d00'),
	('98a6869f942042a1a037d9d9f01cb50f','你好','1','admin','san','2016-01-25 14:05:02','2','1b7637306683460f89174c2b025862b5'),
	('9e00295529014b6e8a27019cbccb3da1','柔柔弱弱','1','admin','san','2016-01-24 21:22:57','1','a29603d613ea4e54b5678033c1bf70a6'),
	('d3aedeb430f640359bff86cd657a8f59','你好','1','admin','san','2016-01-24 21:22:12','1','f022fbdce3d845aba927edb698beb90b'),
	('e5376b1bd54b489cb7f2203632bd74ec','管理员好','2','admin','san','2016-01-25 14:06:13','2','b347b2034faf43c79b54be4627f3bd2b'),
	('e613ac0fcc454f32895a70b747bf4fb5','你也好','2','admin','san','2016-01-25 16:27:54','2','ce8dc3b15afb40f28090f8b8e13f078d'),
	('f25e00cfafe741a3a05e3839b66dc7aa','你好','2','san','admin','2016-01-25 16:26:44','1','920b20dafdfb4c09b560884eb277c51d');

/*!40000 ALTER TABLE `sys_fhsms` ENABLE KEYS */;
UNLOCK TABLES;


# Dump of table sys_menu
# ------------------------------------------------------------

DROP TABLE IF EXISTS `sys_menu`;

CREATE TABLE `sys_menu` (
  `MENU_ID` int(11) NOT NULL,
  `MENU_NAME` varchar(255) DEFAULT NULL,
  `MENU_URL` varchar(255) DEFAULT NULL,
  `PARENT_ID` varchar(100) DEFAULT NULL,
  `MENU_ORDER` varchar(100) DEFAULT NULL,
  `MENU_ICON` varchar(60) DEFAULT NULL,
  `MENU_TYPE` varchar(10) DEFAULT NULL,
  `MENU_STATE` int(1) DEFAULT NULL,
  PRIMARY KEY (`MENU_ID`)
) ENGINE=InnoDB DEFAULT CHARSET=utf8;

LOCK TABLES `sys_menu` WRITE;
/*!40000 ALTER TABLE `sys_menu` DISABLE KEYS */;

INSERT INTO `sys_menu` (`MENU_ID`, `MENU_NAME`, `MENU_URL`, `PARENT_ID`, `MENU_ORDER`, `MENU_ICON`, `MENU_TYPE`, `MENU_STATE`)
VALUES
	(1,'系统管理','#','0','10','menu-icon fa fa-desktop blue','2',1),
	(2,'权限管理','#','1','1','menu-icon fa fa-lock black','1',1),
	(15,'微信管理','#','0','11','menu-icon fa fa-comments blue','2',1),
	(16,'文本回复','textmsg/list.do','15','2','menu-icon fa fa-comment green','2',1),
	(17,'应用命令','command/list.do','15','4','menu-icon fa fa-comment grey','2',0),
	(18,'图文回复','imgmsg/list.do','15','3','menu-icon fa fa-comment pink','2',1),
	(19,'关注回复','textmsg/goSubscribe.do','15','1','menu-icon fa fa-comment orange','2',1),
	(20,'在线管理','onlinemanager/list.do','1','5','menu-icon fa fa-laptop green','1',1),
	(36,'角色(基础权限)','role.do','2','1','menu-icon fa fa-key orange','1',1),
	(37,'按钮权限','buttonrights/list.do','2','2','menu-icon fa fa-key green','1',1),
	(38,'菜单管理','menu/listAllMenu.do','1','3','menu-icon fa fa-folder-open-o brown','1',1),
	(39,'按钮管理','fhbutton/list.do','1','2','menu-icon fa fa-download orange','1',1),
	(40,'用户管理','#','0','9','menu-icon fa fa-users blue','2',1),
	(41,'系统用户','user/listUsers.do','40','1','menu-icon fa fa-users green','1',1),
	(45,'七级菜单1','#','33','1','menu-icon fa fa-leaf black','1',1),
	(46,'七级菜单2','#','33','2','menu-icon fa fa-leaf black','1',1),
	(47,'八级菜单','login_default.do','45','1','menu-icon fa fa-leaf black','1',1),
	(59,'轮播图片','#','0','1','menu-icon fa fa-camera blue','2',1),
	(60,'轮播图片','banner/list.do','59','1','menu-icon fa fa-gift red','1',1),
	(61,'商品管理','#','0','5','menu-icon fa fa-gift blue','2',1),
	(62,'分类管理','category/list.do?super_id=0','61','1','menu-icon fa fa-gift black','1',1),
	(63,'商品管理','goods/list.do','61','2','menu-icon fa fa-gift black','1',1),
	(64,'会员用户','shopUser/list.do','40','2','menu-icon fa fa-users black','1',1),
	(65,'快速导航','#','0','2','menu-icon fa fa-barcode blue','2',1),
	(66,'首页导航','navigation/list','65','1','menu-icon fa fa-barcode black','1',1),
	(67,'新闻信息','#','0','4','menu-icon fa fa-bullhorn blue','2',1),
	(68,'新闻信息','news/list.do','67','1','menu-icon fa fa-bullhorn black','1',1),
	(70,'订单管理','#','0','7','menu-icon fa fa-cutlery blue','2',1),
	(71,'订单查看','order/list','70','1','menu-icon fa fa-cutlery black','1',1),
	(75,'搜索管理','#','0','3','menu-icon fa fa-circle-o blue','2',1),
	(76,'热搜设置','search/list','75','1','menu-icon fa fa-circle-o black','1',1),
	(78,'优惠设置','#','0','8','menu-icon fa fa-exchange blue','2',1),
	(79,'优惠券管理','coupon/list','78','1','menu-icon fa fa-exchange black','1',1),
	(82,'微信菜单','button/list','15','2','menu-icon fa fa-comment orange','1',1),
	(83,'微信参数','config/goEdit','15','1','menu-icon fa fa-comment orange','1',1),
	(84,'运费设置','#','0','9','menu-icon fa fa-fighter-jet blue','2',1),
	(85,'运费设置','freight/goEdit','84','1','menu-icon fa fa-fighter-jet black','1',1),
	(86,'快递录入','express/list','84','2','menu-icon fa fa-fighter-jet black','1',1),
	(87,'快递参数','expressconfig/goEdit','84','3','menu-icon fa fa-fighter-jet black','1',1),
	(88,'1','#','0','1','menu-icon fa fa-leaf black','2',1);

/*!40000 ALTER TABLE `sys_menu` ENABLE KEYS */;
UNLOCK TABLES;


# Dump of table sys_menu_copy
# ------------------------------------------------------------

DROP TABLE IF EXISTS `sys_menu_copy`;

CREATE TABLE `sys_menu_copy` (
  `MENU_ID` int(11) NOT NULL,
  `MENU_NAME` varchar(255) DEFAULT NULL,
  `MENU_URL` varchar(255) DEFAULT NULL,
  `PARENT_ID` varchar(100) DEFAULT NULL,
  `MENU_ORDER` varchar(100) DEFAULT NULL,
  `MENU_ICON` varchar(60) DEFAULT NULL,
  `MENU_TYPE` varchar(10) DEFAULT NULL,
  `MENU_STATE` int(1) DEFAULT NULL,
  PRIMARY KEY (`MENU_ID`)
) ENGINE=InnoDB DEFAULT CHARSET=utf8;

LOCK TABLES `sys_menu_copy` WRITE;
/*!40000 ALTER TABLE `sys_menu_copy` DISABLE KEYS */;

INSERT INTO `sys_menu_copy` (`MENU_ID`, `MENU_NAME`, `MENU_URL`, `PARENT_ID`, `MENU_ORDER`, `MENU_ICON`, `MENU_TYPE`, `MENU_STATE`)
VALUES
	(1,'系统管理','#','0','7','menu-icon fa fa-desktop blue','2',1),
	(2,'权限管理','#','1','1','menu-icon fa fa-lock black','1',1),
	(6,'信息管理','#','0','5','menu-icon fa fa-credit-card green','2',0),
	(7,'图片管理','#','6','1','menu-icon fa fa-folder-o pink','2',1),
	(9,'系统工具','#','0','3','menu-icon fa fa-cog blue','2',1),
	(10,'接口测试','tool/interfaceTest.do','9','2','menu-icon fa fa-exchange green','1',1),
	(15,'微信管理','#','0','4','menu-icon fa fa-comments blue','2',1),
	(16,'文本回复','textmsg/list.do','15','2','menu-icon fa fa-comment green','2',1),
	(17,'应用命令','command/list.do','15','4','menu-icon fa fa-comment grey','2',1),
	(18,'图文回复','imgmsg/list.do','15','3','menu-icon fa fa-comment pink','2',1),
	(19,'关注回复','textmsg/goSubscribe.do','15','1','menu-icon fa fa-comment orange','2',1),
	(20,'在线管理','onlinemanager/list.do','1','5','menu-icon fa fa-laptop green','1',1),
	(36,'角色(基础权限)','role.do','2','1','menu-icon fa fa-key orange','1',1),
	(37,'按钮权限','buttonrights/list.do','2','2','menu-icon fa fa-key green','1',1),
	(38,'菜单管理','menu/listAllMenu.do','1','3','menu-icon fa fa-folder-open-o brown','1',1),
	(39,'按钮管理','fhbutton/list.do','1','2','menu-icon fa fa-download orange','1',1),
	(40,'用户管理','#','0','6','menu-icon fa fa-users blue','2',1),
	(41,'系统用户','user/listUsers.do','40','1','menu-icon fa fa-users green','1',1),
	(42,'会员管理','happuser/listUsers.do','40','2','menu-icon fa fa-users orange','1',1),
	(43,'数据字典','dictionaries/listAllDict.do?DICTIONARIES_ID=0','1','4','menu-icon fa fa-book purple','1',1),
	(44,'代码生成器','createCode/list.do','9','0','menu-icon fa fa-cogs brown','1',1),
	(45,'七级菜单1','#','33','1','menu-icon fa fa-leaf black','1',1),
	(46,'七级菜单2','#','33','2','menu-icon fa fa-leaf black','1',1),
	(47,'八级菜单','login_default.do','45','1','menu-icon fa fa-leaf black','1',1),
	(51,'图片列表','pictures/list.do','7','1','menu-icon fa fa-folder-open-o green','1',1),
	(52,'图片爬虫','pictures/goImageCrawler.do','7','2','menu-icon fa fa-cloud-download green','1',1),
	(53,'表单构建器','tool/goFormbuilder.do','9','1','menu-icon fa fa-leaf black','1',1),
	(54,'数据库管理','#','0','9','menu-icon fa fa-hdd-o blue','2',0),
	(55,'数据库备份','brdb/listAllTable.do','54','1','menu-icon fa fa-cloud-upload blue','1',1),
	(56,'数据库还原','brdb/list.do','54','3','menu-icon fa fa-cloud-download blue','1',1),
	(57,'备份定时器','timingbackup/list.do','54','2','menu-icon fa fa-tachometer blue','1',1),
	(58,'SQL编辑器','sqledit/view.do','54','4','menu-icon fa fa-pencil-square-o blue','1',1),
	(59,'轮播图片','#','0','1','menu-icon fa fa-camera blue','2',1),
	(60,'轮播图片','banner/list.do','59','1','menu-icon fa fa-leaf black','1',1),
	(61,'商品管理','#','0','2','menu-icon fa fa-gift blue','2',1),
	(62,'分类管理','category/list.do','61','1','menu-icon fa fa-leaf black','1',1),
	(63,'商品管理','goods/list.do','61','2','menu-icon fa fa-leaf black','1',1);

/*!40000 ALTER TABLE `sys_menu_copy` ENABLE KEYS */;
UNLOCK TABLES;


# Dump of table sys_role
# ------------------------------------------------------------

DROP TABLE IF EXISTS `sys_role`;

CREATE TABLE `sys_role` (
  `ROLE_ID` varchar(100) NOT NULL,
  `ROLE_NAME` varchar(100) DEFAULT NULL,
  `RIGHTS` varchar(255) DEFAULT NULL,
  `PARENT_ID` varchar(100) DEFAULT NULL,
  `ADD_QX` varchar(255) DEFAULT NULL,
  `DEL_QX` varchar(255) DEFAULT NULL,
  `EDIT_QX` varchar(255) DEFAULT NULL,
  `CHA_QX` varchar(255) DEFAULT NULL,
  PRIMARY KEY (`ROLE_ID`)
) ENGINE=InnoDB DEFAULT CHARSET=utf8;

LOCK TABLES `sys_role` WRITE;
/*!40000 ALTER TABLE `sys_role` DISABLE KEYS */;

INSERT INTO `sys_role` (`ROLE_ID`, `ROLE_NAME`, `RIGHTS`, `PARENT_ID`, `ADD_QX`, `DEL_QX`, `EDIT_QX`, `CHA_QX`)
VALUES
	('1','系统管理组','305673469197402483356303366','0','1','1','1','1'),
	('115b386ff04f4352b060dffcd2b5d1da','中级会员','498','2','0','0','0','0'),
	('1b67fc82ce89457a8347ae53e43a347e','初级会员','498','2','0','0','0','0'),
	('2','会员组','498','0','0','0','0','1'),
	('3','商家','','0','0','0','0','0'),
	('3264c8e83d0248bb9e3ea6195b4c0216','一级管理员','305673469197402483356303366','1','19309755972015148490524166','19309755971997556304478214','16891904332784859347912192','19309755971997556304478214'),
	('46294b31a71c4600801724a6eb06bb26','职位组','','0','0','0','0','0'),
	('5466347ac07044cb8d82990ec7f3a90e','主管','','46294b31a71c4600801724a6eb06bb26','0','0','0','0'),
	('61d69ff2e367416face20ce4911571ff','淘宝','3553304077198302380032','3','910252280474188610797568','910252280474188610797568','910252280474188610797568','910252280474188610797568'),
	('68f8e4a39efe47c7bb869e9d15ab925d','二级管理员','305673469197402483356303366','1','0','3553304077198302380032','304652859846964781122551814','0'),
	('856849f422774ad390a4e564054d8cc8','经理','','46294b31a71c4600801724a6eb06bb26','0','0','0','0'),
	('8b70a7e67f2841e7aaba8a4d92e5ff6f','高级会员','498','2','0','0','0','0'),
	('c21cecf84048434b93383182b1d98cba','组长','','46294b31a71c4600801724a6eb06bb26','0','0','0','0'),
	('d449195cd8e7491080688c58e11452eb','总监','','46294b31a71c4600801724a6eb06bb26','0','0','0','0'),
	('da9a02192e66494ab63aad26247c1c90','工艺品商家','3553304077198302380032','3','3553304077198302380032','3553304077198302380032','3553304077198302380032','3553304077198302380032'),
	('de9de2f006e145a29d52dfadda295353','三级管理员','305673469197402483356303366','1','0','0','0','0');

/*!40000 ALTER TABLE `sys_role` ENABLE KEYS */;
UNLOCK TABLES;


# Dump of table sys_role_fhbutton
# ------------------------------------------------------------

DROP TABLE IF EXISTS `sys_role_fhbutton`;

CREATE TABLE `sys_role_fhbutton` (
  `RB_ID` varchar(100) NOT NULL,
  `ROLE_ID` varchar(100) DEFAULT NULL,
  `BUTTON_ID` varchar(100) DEFAULT NULL,
  PRIMARY KEY (`RB_ID`),
  KEY `角色表外键` (`ROLE_ID`) USING BTREE,
  KEY `fbutton` (`BUTTON_ID`) USING BTREE,
  CONSTRAINT `sys_role_fhbutton_ibfk_1` FOREIGN KEY (`BUTTON_ID`) REFERENCES `sys_fhbutton` (`FHBUTTON_ID`) ON DELETE CASCADE ON UPDATE CASCADE,
  CONSTRAINT `sys_role_fhbutton_ibfk_2` FOREIGN KEY (`ROLE_ID`) REFERENCES `sys_role` (`ROLE_ID`) ON DELETE CASCADE ON UPDATE CASCADE
) ENGINE=InnoDB DEFAULT CHARSET=utf8;

LOCK TABLES `sys_role_fhbutton` WRITE;
/*!40000 ALTER TABLE `sys_role_fhbutton` DISABLE KEYS */;

INSERT INTO `sys_role_fhbutton` (`RB_ID`, `ROLE_ID`, `BUTTON_ID`)
VALUES
	('0c6ab872abca43e09cbff1c23d7931f2','3264c8e83d0248bb9e3ea6195b4c0216','3542adfbda73410c976e185ffe50ad06'),
	('1743733f366240c693c4295b527d1b0e','de9de2f006e145a29d52dfadda295353','4efa162fce8340f0bd2dcd3b11d327ec'),
	('689f47b2c57041c589feeb170a83e48f','68f8e4a39efe47c7bb869e9d15ab925d','3542adfbda73410c976e185ffe50ad06'),
	('8231c216fb514b4188e4162e629c6237','3264c8e83d0248bb9e3ea6195b4c0216','4efa162fce8340f0bd2dcd3b11d327ec'),
	('a1478f27c852459fa9cad04b642f4fb7','de9de2f006e145a29d52dfadda295353','3542adfbda73410c976e185ffe50ad06');

/*!40000 ALTER TABLE `sys_role_fhbutton` ENABLE KEYS */;
UNLOCK TABLES;


# Dump of table sys_user
# ------------------------------------------------------------

DROP TABLE IF EXISTS `sys_user`;

CREATE TABLE `sys_user` (
  `USER_ID` varchar(100) NOT NULL,
  `USERNAME` varchar(255) DEFAULT NULL,
  `PASSWORD` varchar(255) DEFAULT NULL,
  `NAME` varchar(255) DEFAULT NULL,
  `RIGHTS` varchar(255) DEFAULT NULL,
  `ROLE_ID` varchar(100) DEFAULT NULL,
  `LAST_LOGIN` varchar(255) DEFAULT NULL,
  `IP` varchar(100) DEFAULT NULL,
  `STATUS` varchar(32) DEFAULT NULL,
  `BZ` varchar(255) DEFAULT NULL,
  `SKIN` varchar(100) DEFAULT NULL,
  `EMAIL` varchar(32) DEFAULT NULL,
  `NUMBER` varchar(100) DEFAULT NULL,
  `PHONE` varchar(32) DEFAULT NULL,
  PRIMARY KEY (`USER_ID`)
) ENGINE=InnoDB DEFAULT CHARSET=utf8;

LOCK TABLES `sys_user` WRITE;
/*!40000 ALTER TABLE `sys_user` DISABLE KEYS */;

INSERT INTO `sys_user` (`USER_ID`, `USERNAME`, `PASSWORD`, `NAME`, `RIGHTS`, `ROLE_ID`, `LAST_LOGIN`, `IP`, `STATUS`, `BZ`, `SKIN`, `EMAIL`, `NUMBER`, `PHONE`)
VALUES
	('1','admin','6150fba19dd90b724dfd1b1f3f018f9dcd57e14c','安e购','1133671055321055258374707980945218933803269864762743594642571294','1','2017-10-30 11:35:29','0:0:0:0:0:0:0:1','0','admin','default','357788906@qq.com','001','17714344343'),
	('4097b39aaafb4792a8ddb88d846d4682','qanpai1','86b5e37481387f1c66e77e22d1d3ede6ab642100','qian pai','','3264c8e83d0248bb9e3ea6195b4c0216','2017-07-15 15:28:32','127.0.0.1','0','','default','1@163.com','1','13800138000'),
	('bcc989dd0cf24a46bddd97856e8b87c6','qanpai2','519ccff2ef6755b6887d77c6641e5b9be0dd308d','1','','3264c8e83d0248bb9e3ea6195b4c0216','2017-06-06 16:02:33','127.0.0.1','0','1','default','1@main.com','2','13184235048'),
	('c8dbbb009c03455a8b69a9ce42f7e906','test','452c7ec01341403e1f195d9430676cf146180eaf','测试商家','','da9a02192e66494ab63aad26247c1c90','2017-10-25 11:32:44','221.224.213.234','0','','default','rusanlee@163.com','3431231','18521529111'),
	('f604a629eb424b5095baf33410d5ed68','taobao','1ac431b1d39397ee80dfc1b35a11986a8149bdc6','马云','','61d69ff2e367416face20ce4911571ff','2017-10-25 09:41:09','221.224.213.234','0','','default','18523698523@163.com','t001','18523698523');

/*!40000 ALTER TABLE `sys_user` ENABLE KEYS */;
UNLOCK TABLES;


# Dump of table tb_pictures
# ------------------------------------------------------------

DROP TABLE IF EXISTS `tb_pictures`;

CREATE TABLE `tb_pictures` (
  `PICTURES_ID` varchar(100) NOT NULL,
  `TITLE` varchar(255) DEFAULT NULL COMMENT '标题',
  `NAME` varchar(255) DEFAULT NULL COMMENT '文件名',
  `PATH` varchar(255) DEFAULT NULL COMMENT '路径',
  `CREATETIME` varchar(100) DEFAULT NULL COMMENT '创建时间',
  `MASTER_ID` varchar(255) DEFAULT NULL COMMENT '属于',
  `BZ` varchar(255) DEFAULT NULL COMMENT '备注',
  PRIMARY KEY (`PICTURES_ID`)
) ENGINE=InnoDB DEFAULT CHARSET=utf8;

LOCK TABLES `tb_pictures` WRITE;
/*!40000 ALTER TABLE `tb_pictures` DISABLE KEYS */;

INSERT INTO `tb_pictures` (`PICTURES_ID`, `TITLE`, `NAME`, `PATH`, `CREATETIME`, `MASTER_ID`, `BZ`)
VALUES
	('0df98f78e1504bea92eb76d51f6d6441','图片','294a27e0f3df4ea7962b0c1683a5d453.png','20161216/294a27e0f3df4ea7962b0c1683a5d453.png','2016-12-16 20:19:46','1','图片管理处上传'),
	('7439f02346d64b2b85330fb1d216ac87','图片','7c283f90ce514c73a2eb48e91c109ae0.png','20161209/7c283f90ce514c73a2eb48e91c109ae0.png','2016-12-09 17:06:39','1','图片管理处上传');

/*!40000 ALTER TABLE `tb_pictures` ENABLE KEYS */;
UNLOCK TABLES;


# Dump of table weixin_accesstoken
# ------------------------------------------------------------

DROP TABLE IF EXISTS `weixin_accesstoken`;

CREATE TABLE `weixin_accesstoken` (
  `accesstoken_id` varchar(100) NOT NULL,
  `access_token` varchar(255) DEFAULT NULL COMMENT 'access_token',
  `add_time` int(11) NOT NULL COMMENT '更新时间',
  PRIMARY KEY (`accesstoken_id`)
) ENGINE=InnoDB DEFAULT CHARSET=utf8;

LOCK TABLES `weixin_accesstoken` WRITE;
/*!40000 ALTER TABLE `weixin_accesstoken` DISABLE KEYS */;

INSERT INTO `weixin_accesstoken` (`accesstoken_id`, `access_token`, `add_time`)
VALUES
	('1','f6zyaXtDQ-KVhwEXw-3xdobHiXsM2hnEO6N3LjJJonfmaG7BE1b5ZLEsU7YOWvGCymeQ-jfyF2zQcUQb1OxPlxMoQ-UcFxgWQpM5AkJr8EIHJNeAFABDH',1492412819);

/*!40000 ALTER TABLE `weixin_accesstoken` ENABLE KEYS */;
UNLOCK TABLES;


# Dump of table weixin_button
# ------------------------------------------------------------

DROP TABLE IF EXISTS `weixin_button`;

CREATE TABLE `weixin_button` (
  `button_id` varchar(100) NOT NULL,
  `name` varchar(255) DEFAULT NULL COMMENT '名称',
  `type` varchar(255) DEFAULT NULL COMMENT '类别',
  `value` varchar(255) DEFAULT NULL COMMENT '值/链接',
  `super_id` varchar(255) DEFAULT NULL COMMENT '所属父级',
  `sort` int(11) NOT NULL COMMENT '排序',
  `level` int(11) NOT NULL COMMENT '菜单等级',
  PRIMARY KEY (`button_id`)
) ENGINE=InnoDB DEFAULT CHARSET=utf8;

LOCK TABLES `weixin_button` WRITE;
/*!40000 ALTER TABLE `weixin_button` DISABLE KEYS */;

INSERT INTO `weixin_button` (`button_id`, `name`, `type`, `value`, `super_id`, `sort`, `level`)
VALUES
	('1','微信商城','view','http://ego.sunwater.asia/mall','1',1,1);

/*!40000 ALTER TABLE `weixin_button` ENABLE KEYS */;
UNLOCK TABLES;


# Dump of table weixin_command
# ------------------------------------------------------------

DROP TABLE IF EXISTS `weixin_command`;

CREATE TABLE `weixin_command` (
  `COMMAND_ID` varchar(100) NOT NULL,
  `KEYWORD` varchar(255) DEFAULT NULL COMMENT '关键词',
  `COMMANDCODE` varchar(255) DEFAULT NULL COMMENT '应用路径',
  `CREATETIME` varchar(255) DEFAULT NULL COMMENT '创建时间',
  `STATUS` int(1) NOT NULL COMMENT '状态',
  `BZ` varchar(255) DEFAULT NULL COMMENT '备注',
  PRIMARY KEY (`COMMAND_ID`)
) ENGINE=InnoDB DEFAULT CHARSET=utf8;

LOCK TABLES `weixin_command` WRITE;
/*!40000 ALTER TABLE `weixin_command` DISABLE KEYS */;

INSERT INTO `weixin_command` (`COMMAND_ID`, `KEYWORD`, `COMMANDCODE`, `CREATETIME`, `STATUS`, `BZ`)
VALUES
	('2636750f6978451b8330874c9be042c2','锁定服务器','rundll32.exe user32.dll,LockWorkStation','2015-05-10 21:25:06',1,'锁定计算机'),
	('46217c6d44354010823241ef484f7214','打开浏览器','C:/Program Files/Internet Explorer/iexplore.exe','2015-05-09 02:43:02',1,'打开浏览器操作'),
	('576adcecce504bf3bb34c6b4da79a177','关闭浏览器','taskkill /f /im iexplore.exe','2015-05-09 02:36:48',2,'关闭浏览器操作'),
	('854a157c6d99499493f4cc303674c01f','关闭QQ','taskkill /f /im qq.exe','2015-05-10 21:25:46',1,'关闭QQ'),
	('ab3a8c6310ca4dc8b803ecc547e55ae7','打开QQ','E:\\Program Files (x86)\\Tencent\\QQ\\Bin\\QQScLauncher.exe','2015-05-10 21:25:25',1,'打开QQ');

/*!40000 ALTER TABLE `weixin_command` ENABLE KEYS */;
UNLOCK TABLES;


# Dump of table weixin_config
# ------------------------------------------------------------

DROP TABLE IF EXISTS `weixin_config`;

CREATE TABLE `weixin_config` (
  `config_id` varchar(100) NOT NULL,
  `appid` varchar(255) DEFAULT NULL COMMENT '公众号appid',
  `appsecret` varchar(255) DEFAULT NULL COMMENT '公众号秘钥',
  `partner` varchar(255) DEFAULT NULL COMMENT '商户id',
  `partnerkey` varchar(255) DEFAULT NULL COMMENT '商户秘钥',
  `link` varchar(255) DEFAULT NULL COMMENT '域名',
  `path` varchar(255) DEFAULT NULL,
  PRIMARY KEY (`config_id`)
) ENGINE=InnoDB DEFAULT CHARSET=utf8;

LOCK TABLES `weixin_config` WRITE;
/*!40000 ALTER TABLE `weixin_config` DISABLE KEYS */;

INSERT INTO `weixin_config` (`config_id`, `appid`, `appsecret`, `partner`, `partnerkey`, `link`, `path`)
VALUES
	('1','wx00d936716dc4c419','066fe6f90a59ba9e933a01b185e6aec5','1489673592','ruiyinegruiyinegruiyinegruiyineg','http://m.iego.link/mall','C:/apache-tomcat-7.0.65/apiclient_cert.p12');

/*!40000 ALTER TABLE `weixin_config` ENABLE KEYS */;
UNLOCK TABLES;


# Dump of table weixin_imgmsg
# ------------------------------------------------------------

DROP TABLE IF EXISTS `weixin_imgmsg`;

CREATE TABLE `weixin_imgmsg` (
  `IMGMSG_ID` varchar(100) NOT NULL,
  `KEYWORD` varchar(255) DEFAULT NULL COMMENT '关键词',
  `CREATETIME` varchar(100) DEFAULT NULL COMMENT '创建时间',
  `STATUS` int(11) NOT NULL COMMENT '状态',
  `BZ` varchar(255) DEFAULT NULL COMMENT '备注',
  `TITLE1` varchar(255) DEFAULT NULL COMMENT '标题1',
  `DESCRIPTION1` varchar(255) DEFAULT NULL COMMENT '描述1',
  `IMGURL1` varchar(255) DEFAULT NULL COMMENT '图片地址1',
  `TOURL1` varchar(255) DEFAULT NULL COMMENT '超链接1',
  `TITLE2` varchar(255) DEFAULT NULL COMMENT '标题2',
  `DESCRIPTION2` varchar(255) DEFAULT NULL COMMENT '描述2',
  `IMGURL2` varchar(255) DEFAULT NULL COMMENT '图片地址2',
  `TOURL2` varchar(255) DEFAULT NULL COMMENT '超链接2',
  `TITLE3` varchar(255) DEFAULT NULL COMMENT '标题3',
  `DESCRIPTION3` varchar(255) DEFAULT NULL COMMENT '描述3',
  `IMGURL3` varchar(255) DEFAULT NULL COMMENT '图片地址3',
  `TOURL3` varchar(255) DEFAULT NULL COMMENT '超链接3',
  `TITLE4` varchar(255) DEFAULT NULL COMMENT '标题4',
  `DESCRIPTION4` varchar(255) DEFAULT NULL COMMENT '描述4',
  `IMGURL4` varchar(255) DEFAULT NULL COMMENT '图片地址4',
  `TOURL4` varchar(255) DEFAULT NULL COMMENT '超链接4',
  `TITLE5` varchar(255) DEFAULT NULL COMMENT '标题5',
  `DESCRIPTION5` varchar(255) DEFAULT NULL COMMENT '描述5',
  `IMGURL5` varchar(255) DEFAULT NULL COMMENT '图片地址5',
  `TOURL5` varchar(255) DEFAULT NULL COMMENT '超链接5',
  `TITLE6` varchar(255) DEFAULT NULL COMMENT '标题6',
  `DESCRIPTION6` varchar(255) DEFAULT NULL COMMENT '描述6',
  `IMGURL6` varchar(255) DEFAULT NULL COMMENT '图片地址6',
  `TOURL6` varchar(255) DEFAULT NULL COMMENT '超链接6',
  `TITLE7` varchar(255) DEFAULT NULL COMMENT '标题7',
  `DESCRIPTION7` varchar(255) DEFAULT NULL COMMENT '描述7',
  `IMGURL7` varchar(255) DEFAULT NULL COMMENT '图片地址7',
  `TOURL7` varchar(255) DEFAULT NULL COMMENT '超链接7',
  `TITLE8` varchar(255) DEFAULT NULL COMMENT '标题8',
  `DESCRIPTION8` varchar(255) DEFAULT NULL COMMENT '描述8',
  `IMGURL8` varchar(255) DEFAULT NULL COMMENT '图片地址8',
  `TOURL8` varchar(255) DEFAULT NULL COMMENT '超链接8',
  PRIMARY KEY (`IMGMSG_ID`)
) ENGINE=InnoDB DEFAULT CHARSET=utf8;

LOCK TABLES `weixin_imgmsg` WRITE;
/*!40000 ALTER TABLE `weixin_imgmsg` DISABLE KEYS */;

INSERT INTO `weixin_imgmsg` (`IMGMSG_ID`, `KEYWORD`, `CREATETIME`, `STATUS`, `BZ`, `TITLE1`, `DESCRIPTION1`, `IMGURL1`, `TOURL1`, `TITLE2`, `DESCRIPTION2`, `IMGURL2`, `TOURL2`, `TITLE3`, `DESCRIPTION3`, `IMGURL3`, `TOURL3`, `TITLE4`, `DESCRIPTION4`, `IMGURL4`, `TOURL4`, `TITLE5`, `DESCRIPTION5`, `IMGURL5`, `TOURL5`, `TITLE6`, `DESCRIPTION6`, `IMGURL6`, `TOURL6`, `TITLE7`, `DESCRIPTION7`, `IMGURL7`, `TOURL7`, `TITLE8`, `DESCRIPTION8`, `IMGURL8`, `TOURL8`)
VALUES
	('380b2cb1f4954315b0e20618f7b5bd8f','首页','2015-05-10 20:51:09',1,'图文回复','图文回复标题','图文回复描述','http://a.hiphotos.baidu.com/image/h%3D360/sign=c6c7e73ebc389b5027ffe654b535e5f1/a686c9177f3e6709392bb8df3ec79f3df8dc55e3.jpg','www.baidu.com','','','','','','','','','','','','','','','','','','','','','','','','','','','','');

/*!40000 ALTER TABLE `weixin_imgmsg` ENABLE KEYS */;
UNLOCK TABLES;


# Dump of table weixin_reply
# ------------------------------------------------------------

DROP TABLE IF EXISTS `weixin_reply`;

CREATE TABLE `weixin_reply` (
  `reply_id` varchar(100) NOT NULL,
  `key` varchar(255) DEFAULT NULL COMMENT '关键词',
  `type` varchar(255) DEFAULT NULL COMMENT '类型',
  `content` varchar(255) DEFAULT NULL COMMENT '回复内容',
  `title` varchar(255) DEFAULT NULL COMMENT '标题',
  `intro` varchar(255) DEFAULT NULL COMMENT '简介',
  `pic_url` varchar(255) DEFAULT NULL COMMENT '图片',
  `url` varchar(255) DEFAULT NULL COMMENT '链接',
  PRIMARY KEY (`reply_id`)
) ENGINE=InnoDB DEFAULT CHARSET=utf8;



# Dump of table weixin_textmsg
# ------------------------------------------------------------

DROP TABLE IF EXISTS `weixin_textmsg`;

CREATE TABLE `weixin_textmsg` (
  `TEXTMSG_ID` varchar(100) NOT NULL,
  `KEYWORD` varchar(255) DEFAULT NULL COMMENT '关键词',
  `CONTENT` varchar(255) DEFAULT NULL COMMENT '内容',
  `CREATETIME` varchar(100) DEFAULT NULL COMMENT '创建时间',
  `STATUS` int(2) DEFAULT NULL COMMENT '状态',
  `BZ` varchar(255) DEFAULT NULL COMMENT '备注',
  PRIMARY KEY (`TEXTMSG_ID`)
) ENGINE=InnoDB DEFAULT CHARSET=utf8;

LOCK TABLES `weixin_textmsg` WRITE;
/*!40000 ALTER TABLE `weixin_textmsg` DISABLE KEYS */;

INSERT INTO `weixin_textmsg` (`TEXTMSG_ID`, `KEYWORD`, `CONTENT`, `CREATETIME`, `STATUS`, `BZ`)
VALUES
	('695cd74779734231928a253107ab0eeb','吃饭','吃了噢噢噢噢','2015-05-10 22:52:27',1,'文本回复'),
	('d4738af7aea74a6ca1a5fb25a98f9acb','关注','这里是关注后回复的内容','2015-05-11 02:12:36',1,'关注回复');

/*!40000 ALTER TABLE `weixin_textmsg` ENABLE KEYS */;
UNLOCK TABLES;



/*!40111 SET SQL_NOTES=@OLD_SQL_NOTES */;
/*!40101 SET SQL_MODE=@OLD_SQL_MODE */;
/*!40014 SET FOREIGN_KEY_CHECKS=@OLD_FOREIGN_KEY_CHECKS */;
/*!40101 SET CHARACTER_SET_CLIENT=@OLD_CHARACTER_SET_CLIENT */;
/*!40101 SET CHARACTER_SET_RESULTS=@OLD_CHARACTER_SET_RESULTS */;
/*!40101 SET COLLATION_CONNECTION=@OLD_COLLATION_CONNECTION */;
